Workbook

Sheet HudoAddList -完成品
A1: 薬品名：
A2: 期間： | B2: 2025/ 5/ 1～2025/12/ 8
A3: 回転数： | B3: 0以下
A4: 薬価：
A5: 使用期限：
A6: 経過措置： | B6: なし
A7: 管理区分： | B7: すべて
A8: 余剰在庫金額： | B8: 416865円
A9: No. | B9: 管理区分 | C9: 薬品名 | D9: 剤区分 | E9: 薬価 | F9: 全在庫数 | G9: 回転数 | H9: 経過措置日 | I9: 使用期限 | J9: ロット番号 | K9: 在庫数量 | L9: 原価 | M9: 金額 | N9: 登録 | O9: 登録数 | P9: 備考 | Q9: あやめ | R9: ひまわり
A10: 1 | B10: 調剤 | C10: 「山善」第二リン灰 | E10: 1.58 | F10: 396 | G10: 0 | I10: 46143 | J10: A3F21 | K10: 396 | L10: 1.53 | M10: 606 | N10: 0 | Q10: =VLOOKUP(C10,あやめ!E:U,17,FALSE) -> #N/A | R10: =VLOOKUP(C10,ひまわり!E:U,17,FALSE) -> #N/A
A11: 2 | B11: 調剤 | C11: ０．０５％ヘキザック水Ｗ | E11: 0.68 | F11: 3000 | G11: 0 | I11: 46478 | J11: 524846 | K11: 1500 | L11: 0.53 | M11: 795 | N11: 0 | Q11: =VLOOKUP(C11,あやめ!E:U,17,FALSE) -> #N/A | R11: =VLOOKUP(C11,ひまわり!E:U,17,FALSE) -> #N/A
A12: 3 | B12: 調剤 | C12: ０．０５％ヘキザック水Ｗ | E12: 0.68 | F12: 3000 | G12: 0 | I12: 46508 | J12: 624025 | K12: 1500 | L12: 0.53 | M12: 795 | N12: 0 | Q12: =VLOOKUP(C12,あやめ!E:U,17,FALSE) -> #N/A | R12: =VLOOKUP(C12,ひまわり!E:U,17,FALSE) -> #N/A
A13: 4 | B13: 調剤 | C13: ０．５％ヘキザック水Ｗ | E13: 0.68 | F13: 1500 | G13: 0 | I13: 46569 | J13: 824423 | K13: 1500 | L13: 0.58 | M13: 870 | N13: 0 | Q13: =VLOOKUP(C13,あやめ!E:U,17,FALSE) -> #N/A | R13: =VLOOKUP(C13,ひまわり!E:U,17,FALSE) -> #N/A
A14: 5 | B14: 調剤 | C14: ５％ヒビテン液 | E14: 1.94 | F14: 1000 | G14: 0 | I14: 46569 | J14: 4175C | K14: 1000 | L14: 1.69 | M14: 1690 | N14: 0 | Q14: =VLOOKUP(C14,あやめ!E:U,17,FALSE) -> #N/A | R14: =VLOOKUP(C14,ひまわり!E:U,17,FALSE) -> #N/A
A15: 6 | B15: 調剤 | C15: アーテン錠（２ｍｇ） | E15: 9.1 | F15: 307 | G15: 0 | I15: 46266 | J15: LG0113 | K15: 200 | L15: 6.55 | M15: 1310 | N15: 0 | Q15: =VLOOKUP(C15,あやめ!E:U,17,FALSE) -> #N/A | R15: =VLOOKUP(C15,ひまわり!E:U,17,FALSE) -> 0
A16: 7 | B16: 調剤 | C16: アーテン錠（２ｍｇ） | E16: 9.1 | F16: 307 | G16: 0 | I16: 46266 | J16: LC2539 | K16: 100 | L16: 6.55 | M16: 655 | N16: 0 | Q16: =VLOOKUP(C16,あやめ!E:U,17,FALSE) -> #N/A | R16: =VLOOKUP(C16,ひまわり!E:U,17,FALSE) -> 0
A17: 8 | B17: 調剤 | C17: アーテン錠（２ｍｇ） | E17: 9.1 | F17: 307 | G17: 0 | I17: 46266 | J17: KA1140 | K17: 7 | L17: 6.55 | M17: 46 | N17: 0 | Q17: =VLOOKUP(C17,あやめ!E:U,17,FALSE) -> #N/A | R17: =VLOOKUP(C17,ひまわり!E:U,17,FALSE) -> 0
A18: 9 | B18: 調剤 | C18: アイドロイチン３％点眼液 ５ｍＬ | E18: 91.6 | F18: 5 | G18: 0 | H18: 46477 | I18: 46266 | J18: 3AD0234 | K18: 4 | L18: 68.4 | M18: 274 | N18: 0 | Q18: =VLOOKUP(C18,あやめ!E:U,17,FALSE) -> #N/A | R18: =VLOOKUP(C18,ひまわり!E:U,17,FALSE) -> #N/A
A19: 10 | B19: 調剤 | C19: アイドロイチン３％点眼液 ５ｍＬ | E19: 91.6 | F19: 5 | G19: 0 | H19: 46477 | K19: 1 | L19: 68.4 | M19: 68 | N19: 0 | Q19: =VLOOKUP(C19,あやめ!E:U,17,FALSE) -> #N/A | R19: =VLOOKUP(C19,ひまわり!E:U,17,FALSE) -> #N/A
A20: 11 | B20: 調剤 | C20: アクロマイシン軟膏３％ ３０ｍｇ | E20: 18.6 | F20: 10 | G20: 0 | I20: 46905 | J20: 2406007 | K20: 10 | L20: 14.6 | M20: 146 | N20: 0 | Q20: =VLOOKUP(C20,あやめ!E:U,17,FALSE) -> #N/A | R20: =VLOOKUP(C20,ひまわり!E:U,17,FALSE) -> #N/A
A21: 12 | B21: 調剤 | C21: アズノールＳＴ錠口腔用５ｍｇ | E21: 10.9 | F21: 1 | G21: 0 | K21: 1 | L21: 11.39 | M21: 11 | N21: 0 | O21: 1 | Q21: =VLOOKUP(C21,あやめ!E:U,17,FALSE) -> #N/A | R21: =VLOOKUP(C21,ひまわり!E:U,17,FALSE) -> 0
A22: 13 | B22: 調剤 | C22: アセトアミノフェン坐剤小児用２００ｍｇ「日新」 | E22: 20.9 | F22: 14 | G22: 0 | K22: 14 | L22: 18.45 | M22: 258 | N22: 0 | O22: 14 | Q22: =VLOOKUP(C22,あやめ!E:U,17,FALSE) -> #N/A | R22: =VLOOKUP(C22,ひまわり!E:U,17,FALSE) -> #N/A
A23: 14 | B23: 調剤 | C23: アセトアミノフェン錠２００ｍｇ「マルイシ」 | E23: 6.1 | F23: 2 | G23: 0 | I23: 46539 | J23: 4X1721 | K23: 2 | L23: 6.1 | M23: 12 | N23: 0 | Q23: =VLOOKUP(C23,あやめ!E:U,17,FALSE) -> 7747 | R23: =VLOOKUP(C23,ひまわり!E:U,17,FALSE) -> 2583
A24: 15 | B24: 調剤 | C24: アゼルニジピン錠１６ｍｇ「タナベ」 | E24: 12.2 | F24: 72 | G24: 0 | H24: 45565 | K24: 72 | L24: 9.39 | M24: 676 | N24: 0 | O24: 100 | Q24: =VLOOKUP(C24,あやめ!E:U,17,FALSE) -> #N/A | R24: =VLOOKUP(C24,ひまわり!E:U,17,FALSE) -> #N/A
A25: 16 | B25: 調剤 | C25: アトラント外用液１％ | E25: 24.3 | F25: 170 | G25: 0 | I25: 46357 | J25: 40101 | K25: 170 | L25: 21.18 | M25: 3601 | N25: 0 | Q25: =VLOOKUP(C25,あやめ!E:U,17,FALSE) -> #N/A | R25: =VLOOKUP(C25,ひまわり!E:U,17,FALSE) -> #N/A
A26: 17 | B26: 調剤 | C26: アドソルビン原末 | E26: 0.77 | F26: 4 | G26: 0 | H26: 46112 | K26: 4 | L26: 0.99 | M26: 4 | N26: 0 | O26: 4 | Q26: =VLOOKUP(C26,あやめ!E:U,17,FALSE) -> #N/A | R26: =VLOOKUP(C26,ひまわり!E:U,17,FALSE) -> #N/A
A27: 18 | B27: 調剤 | C27: アプレピタントカプセル８０ｍｇ「サワイ」 | E27: 636 | F27: 12 | G27: 0 | I27: 46082 | J27: X23501 | K27: 12 | L27: 643.17 | M27: 7718 | N27: 0 | Q27: =VLOOKUP(C27,あやめ!E:U,17,FALSE) -> 0 | R27: =VLOOKUP(C27,ひまわり!E:U,17,FALSE) -> #N/A
A28: 19 | B28: 調剤 | C28: アマンタジン塩酸塩錠５０ｍｇ「サワイ」 | E28: 6.1 | F28: 2 | G28: 0 | I28: 46661 | J28: 724902 | K28: 2 | L28: 6.1 | M28: 12 | N28: 0 | Q28: =VLOOKUP(C28,あやめ!E:U,17,FALSE) -> 540 | R28: =VLOOKUP(C28,ひまわり!E:U,17,FALSE) -> 168
A29: 20 | B29: 調剤 | C29: アムロジピン錠２．５ｍｇ「トーワ」 | D29: 劇薬 | E29: 10.4 | F29: 2 | G29: 0 | I29: 46966 | J29: D0179 | K29: 2 | L29: 10.4 | M29: 21 | N29: 0 | Q29: =VLOOKUP(C29,あやめ!E:U,17,FALSE) -> 7449 | R29: =VLOOKUP(C29,ひまわり!E:U,17,FALSE) -> #N/A
A30: 21 | B30: 調剤 | C30: アムロジピン錠５ｍｇ「日医工」 | D30: 劇薬 | E30: 10.4 | F30: 2 | G30: 0 | I30: 46753 | J30: K00200 | K30: 2 | L30: 8 | M30: 16 | N30: 0 | Q30: =VLOOKUP(C30,あやめ!E:U,17,FALSE) -> 9360 | R30: =VLOOKUP(C30,ひまわり!E:U,17,FALSE) -> 4862
A31: 22 | B31: 調剤 | C31: アルファカルシドール錠１．０μｇ「アメル」 １μｇ | D31: 劇薬 | E31: 6.1 | F31: 2 | G31: 0 | I31: 46753 | J31: 2505 | K31: 2 | L31: 6.1 | M31: 12 | N31: 0 | Q31: =VLOOKUP(C31,あやめ!E:U,17,FALSE) -> 5160 | R31: =VLOOKUP(C31,ひまわり!E:U,17,FALSE) -> #N/A
A32: 23 | B32: 調剤 | C32: アルプラゾラム錠０．４ｍｇ「サワイ」 | D32: 向3 | E32: 5.9 | F32: 2 | G32: 0 | I32: 46784 | J32: 524Z01 | K32: 2 | L32: 5.13 | M32: 10 | N32: 0 | Q32: =VLOOKUP(C32,あやめ!E:U,17,FALSE) -> 1006 | R32: =VLOOKUP(C32,ひまわり!E:U,17,FALSE) -> #N/A
A33: 24 | B33: 調剤 | C33: アレジオンＬＸ点眼液０．１％ | E33: 493 | F33: 20 | G33: 0 | I33: 46508 | J33: 1AE0258 | K33: 20 | L33: 438.82 | M33: 8776 | N33: 0 | Q33: =VLOOKUP(C33,あやめ!E:U,17,FALSE) -> 0 | R33: =VLOOKUP(C33,ひまわり!E:U,17,FALSE) -> 0
A34: 25 | B34: 調剤 | C34: アンブロキソール塩酸塩徐放カプセル４５ｍｇ「ＺＥ」 | E34: 16.1 | F34: 5 | G34: 0 | I34: 46327 | J34: 188J | K34: 5 | L34: 11.6 | M34: 58 | N34: 0 | Q34: =VLOOKUP(C34,あやめ!E:U,17,FALSE) -> #N/A | R34: =VLOOKUP(C34,ひまわり!E:U,17,FALSE) -> #N/A
A35: 26 | B35: 調剤 | C35: アンブロキソール塩酸塩錠１５ｍｇ「トーワ」 | E35: 5.9 | F35: 2 | G35: 0 | I35: 47027 | J35: A0487 | K35: 2 | L35: 5.26 | M35: 11 | N35: 0 | Q35: =VLOOKUP(C35,あやめ!E:U,17,FALSE) -> 10277 | R35: =VLOOKUP(C35,ひまわり!E:U,17,FALSE) -> #N/A
A36: 27 | B36: 調剤 | C36: イソジンゲル１０％ | E36: 4.22 | F36: 90 | G36: 0 | I36: 46478 | J36: GBE502 | K36: 90 | L36: 4.21 | M36: 379 | N36: 0 | Q36: =VLOOKUP(C36,あやめ!E:U,17,FALSE) -> #N/A | R36: =VLOOKUP(C36,ひまわり!E:U,17,FALSE) -> #N/A
A37: 28 | B37: 調剤 | C37: イドメシンコーワパップ７０ｍｇ １０ｃｍ×１４ｃｍ | E37: 17.1 | F37: 40 | G37: 0 | H37: 45747 | I37: 46357 | J37: UB001 | K37: 40 | L37: 17 | M37: 680 | N37: 0 | Q37: =VLOOKUP(C37,あやめ!E:U,17,FALSE) -> #N/A | R37: =VLOOKUP(C37,ひまわり!E:U,17,FALSE) -> 0
A38: 29 | B38: 調剤 | C38: イブプロフェン錠１００ｍｇ「ＮＩＧ」 | E38: 6.1 | F38: 2 | G38: 0 | I38: 46569 | J38: GR0789 | K38: 2 | L38: 6.1 | M38: 12 | N38: 0 | Q38: =VLOOKUP(C38,あやめ!E:U,17,FALSE) -> 2822 | R38: =VLOOKUP(C38,ひまわり!E:U,17,FALSE) -> 0
A39: 30 | B39: 調剤 | C39: イリボーＯＤ錠２．５μｇ | D39: 劇薬 | E39: 37.3 | F39: 95 | G39: 0 | I39: 46447 | J39: 24006R1 | K39: 95 | L39: 32.89 | M39: 3125 | N39: 0 | Q39: =VLOOKUP(C39,あやめ!E:U,17,FALSE) -> #N/A | R39: =VLOOKUP(C39,ひまわり!E:U,17,FALSE) -> #N/A
A40: 31 | B40: 調剤 | C40: エストラーナテープ０．７２ｍｇ ９ｃｍ２ | E40: 74.5 | F40: 2 | G40: 0 | K40: 2 | L40: 71.17 | M40: 142 | N40: 0 | Q40: =VLOOKUP(C40,あやめ!E:U,17,FALSE) -> #N/A | R40: =VLOOKUP(C40,ひまわり!E:U,17,FALSE) -> #N/A
A41: 32 | B41: 調剤 | C41: エゼロス配合錠ＬＤ「サワイ」 | E41: 37.7 | F41: 100 | G41: 0 | I41: 46600 | J41: 124907 | K41: 100 | L41: 37.7 | M41: 3770 | N41: 0 | Q41: =VLOOKUP(C41,あやめ!E:U,17,FALSE) -> #N/A | R41: =VLOOKUP(C41,ひまわり!E:U,17,FALSE) -> #N/A
A42: 33 | B42: 調剤 | C42: エディロールカプセル０．７５μｇ | D42: 劇薬 | E42: 41 | F42: 100 | G42: 0 | I42: 46388 | J42: 24B510Z | K42: 100 | L42: 34.34 | M42: 3434 | N42: 0 | Q42: =VLOOKUP(C42,あやめ!E:U,17,FALSE) -> 0 | R42: =VLOOKUP(C42,ひまわり!E:U,17,FALSE) -> #N/A
A43: 34 | B43: 調剤 | C43: エフィナコナゾール爪外用液１０％「科研」 | E43: 676.3 | F43: 53.4 | G43: 0 | I43: 46844 | J43: E51040 | K43: 53.4 | L43: 676.29 | M43: 36114 | N43: 0 | Q43: =VLOOKUP(C43,あやめ!E:U,17,FALSE) -> 178 | R43: =VLOOKUP(C43,ひまわり!E:U,17,FALSE) -> #N/A
A44: 35 | B44: 調剤 | C44: エンペラシン配合錠 | E44: 6.1 | F44: 2 | G44: 0 | I44: 46692 | J44: X24Y02 | K44: 2 | L44: 6.1 | M44: 12 | N44: 0 | Q44: =VLOOKUP(C44,あやめ!E:U,17,FALSE) -> 1844 | R44: =VLOOKUP(C44,ひまわり!E:U,17,FALSE) -> 40
A45: 36 | B45: 調剤 | C45: オキシコドン徐放錠５ｍｇＮＸ「第一三共」 | D45: 麻薬 | E45: 121.4 | F45: 4 | G45: 0 | I45: 46327 | J45: OSA0106 | K45: 4 | L45: 98.5 | M45: 394 | N45: 0 | Q45: =VLOOKUP(C45,あやめ!E:U,17,FALSE) -> #N/A | R45: =VLOOKUP(C45,ひまわり!E:U,17,FALSE) -> #N/A
A46: 37 | B46: 調剤 | C46: オキシコンチンＴＲ錠１０ｍｇ | D46: 麻薬 | E46: 233.6 | F46: 20 | G46: 0 | I46: 46478 | J46: W6055 | K46: 20 | L46: 197.65 | M46: 3953 | N46: 0 | Q46: =VLOOKUP(C46,あやめ!E:U,17,FALSE) -> #N/A | R46: =VLOOKUP(C46,ひまわり!E:U,17,FALSE) -> #N/A
A47: 38 | B47: 調剤 | C47: オキノーム散２．５ｍｇ | D47: 麻薬 | E47: 53.8 | F47: 21 | G47: 0 | I47: 47150 | J47: W6012 | K47: 21 | L47: 45.63 | M47: 958 | N47: 0 | Q47: =VLOOKUP(C47,あやめ!E:U,17,FALSE) -> 0 | R47: =VLOOKUP(C47,ひまわり!E:U,17,FALSE) -> #N/A
A48: 39 | B48: 調剤 | C48: オゼックス錠１５０ １５０ｍｇ | E48: 48.7 | F48: 94 | G48: 0 | K48: 63 | L48: 47.55 | M48: 2996 | N48: 0 | Q48: =VLOOKUP(C48,あやめ!E:U,17,FALSE) -> #N/A | R48: =VLOOKUP(C48,ひまわり!E:U,17,FALSE) -> #N/A
A49: 40 | B49: 調剤 | C49: オゼックス錠１５０ １５０ｍｇ | E49: 48.7 | F49: 94 | G49: 0 | K49: 31 | L49: 47.55 | M49: 1474 | N49: 0 | Q49: =VLOOKUP(C49,あやめ!E:U,17,FALSE) -> #N/A | R49: =VLOOKUP(C49,ひまわり!E:U,17,FALSE) -> #N/A
A50: 41 | B50: 調剤 | C50: オプソ内服液５ｍｇ ２．５ｍＬ | D50: 麻薬 | E50: 263.3 | F50: 23 | G50: 0 | I50: 46388 | J50: 2123C | K50: 20 | L50: 153.05 | M50: 3061 | N50: 0 | Q50: =VLOOKUP(C50,あやめ!E:U,17,FALSE) -> 0 | R50: =VLOOKUP(C50,ひまわり!E:U,17,FALSE) -> 0
A51: 42 | B51: 調剤 | C51: オプソ内服液５ｍｇ ２．５ｍＬ | D51: 麻薬 | E51: 263.3 | F51: 23 | G51: 0 | I51: 46296 | J51: 2095C | K51: 3 | L51: 153.05 | M51: 459 | N51: 0 | Q51: =VLOOKUP(C51,あやめ!E:U,17,FALSE) -> 0 | R51: =VLOOKUP(C51,ひまわり!E:U,17,FALSE) -> 0
A52: 43 | B52: 調剤 | C52: オロパタジン塩酸塩錠５ｍｇ「杏林」 | E52: 10.4 | F52: 2 | G52: 0 | I52: 46569 | J52: F024 | K52: 2 | L52: 10.4 | M52: 21 | N52: 0 | Q52: =VLOOKUP(C52,あやめ!E:U,17,FALSE) -> 10477 | R52: =VLOOKUP(C52,ひまわり!E:U,17,FALSE) -> #N/A
A53: 44 | B53: 調剤 | C53: カルテオロール塩酸塩ＬＡ点眼液２％「わかもと」 | E53: 148.6 | F53: 20 | G53: 0 | I53: 46447 | J53: 4327 | K53: 20 | L53: 114.56 | M53: 2291 | N53: 0 | Q53: =VLOOKUP(C53,あやめ!E:U,17,FALSE) -> 0 | R53: =VLOOKUP(C53,ひまわり!E:U,17,FALSE) -> #N/A
A54: 45 | B54: 調剤 | C54: キサラタン点眼液０．００５％ | E54: 305.5 | F54: 2.5 | G54: 0 | I54: 46023 | J54: HK8333 | K54: 2.5 | L54: 313.88 | M54: 785 | N54: 0 | Q54: =VLOOKUP(C54,あやめ!E:U,17,FALSE) -> 0 | R54: =VLOOKUP(C54,ひまわり!E:U,17,FALSE) -> #N/A
A55: 46 | B55: 調剤 | C55: クラシエ葛根湯エキス細粒 | E55: 10.2 | F55: 542.5 | G55: 0 | I55: 46600 | J55: G7S548 | K55: 525 | L55: 10.2 | M55: 5355 | N55: 0 | Q55: =VLOOKUP(C55,あやめ!E:U,17,FALSE) -> #N/A | R55: =VLOOKUP(C55,ひまわり!E:U,17,FALSE) -> 0
A56: 47 | B56: 調剤 | C56: クラシエ葛根湯エキス細粒 | E56: 10.2 | F56: 542.5 | G56: 0 | I56: 46569 | J56: M5S547 | K56: 17.5 | L56: 10.2 | M56: 179 | N56: 0 | Q56: =VLOOKUP(C56,あやめ!E:U,17,FALSE) -> #N/A | R56: =VLOOKUP(C56,ひまわり!E:U,17,FALSE) -> 0
A57: 48 | B57: 調剤 | C57: クラシエ辛夷清肺湯エキス細粒 | E57: 18.6 | F57: 210 | G57: 0 | I57: 46722 | J57: 01ME | K57: 210 | L57: 18.6 | M57: 3906 | N57: 0 | Q57: =VLOOKUP(C57,あやめ!E:U,17,FALSE) -> #N/A | R57: =VLOOKUP(C57,ひまわり!E:U,17,FALSE) -> 0
A58: 49 | B58: 調剤 | C58: クラシエ防風通聖散エキス錠 | E58: 6.1 | F58: 189 | G58: 0 | K58: 189 | L58: 2.09 | M58: 395 | N58: 0 | Q58: =VLOOKUP(C58,あやめ!E:U,17,FALSE) -> #N/A | R58: =VLOOKUP(C58,ひまわり!E:U,17,FALSE) -> 0
A59: 50 | B59: 調剤 | C59: クラシエ抑肝散加陳皮半夏エキス細粒 | E59: 16.7 | F59: 105 | G59: 0 | I59: 46753 | J59: 1YS551 | K59: 105 | L59: 16.7 | M59: 1754 | N59: 0 | Q59: =VLOOKUP(C59,あやめ!E:U,17,FALSE) -> #N/A | R59: =VLOOKUP(C59,ひまわり!E:U,17,FALSE) -> #N/A
A60: 51 | B60: 調剤 | C60: クラリチンレディタブ錠１０ｍｇ | E60: 31.7 | F60: 12 | G60: 0 | I60: 46235 | J60: JP40379 | K60: 12 | L60: 26.8 | M60: 322 | N60: 0 | Q60: =VLOOKUP(C60,あやめ!E:U,17,FALSE) -> #N/A | R60: =VLOOKUP(C60,ひまわり!E:U,17,FALSE) -> #N/A
A61: 52 | B61: 調剤 | C61: グリミクロンＨＡ錠２０ｍｇ | D61: 劇薬 | E61: 7.4 | F61: 100 | G61: 0 | I61: 46631 | J61: 2009C | K61: 100 | L61: 7.4 | M61: 740 | N61: 0 | Q61: =VLOOKUP(C61,あやめ!E:U,17,FALSE) -> #N/A | R61: =VLOOKUP(C61,ひまわり!E:U,17,FALSE) -> #N/A
A62: 53 | B62: 調剤 | C62: ケトプロフェンパップ３０ｍｇ「ラクール」 １０ｃｍ×１４ｃｍ | E62: 12.3 | F62: 240 | G62: 0 | I62: 46508 | J62: A146D | K62: 240 | L62: 8.76 | M62: 2102 | N62: 0 | Q62: =VLOOKUP(C62,あやめ!E:U,17,FALSE) -> #N/A | R62: =VLOOKUP(C62,ひまわり!E:U,17,FALSE) -> #N/A
A63: 54 | B63: 調剤 | C63: コデインリン酸塩散１％「タケダ」 | D63: 劇薬 | E63: 10.2 | F63: 18 | G63: 0 | H63: 45747 | K63: 18 | L63: 6.13 | M63: 110 | N63: 0 | Q63: =VLOOKUP(C63,あやめ!E:U,17,FALSE) -> 0 | R63: =VLOOKUP(C63,ひまわり!E:U,17,FALSE) -> #N/A
A64: 55 | B64: 調剤 | C64: コデインリン酸塩錠２０ｍｇ「タケダ」 | D64: 麻薬 | E64: 79.5 | F64: 61 | G64: 0 | I64: 46357 | J64: 555324 | K64: 61 | L64: 57.35 | M64: 3498 | N64: 0 | Q64: =VLOOKUP(C64,あやめ!E:U,17,FALSE) -> #N/A | R64: =VLOOKUP(C64,ひまわり!E:U,17,FALSE) -> #N/A
A65: 56 | B65: 調剤 | C65: コレチメント錠９ｍｇ | E65: 604.6 | F65: 73 | G65: 0 | I65: 46235 | J65: 3 | K65: 50 | L65: 532.06 | M65: 26603 | N65: 0 | Q65: =VLOOKUP(C65,あやめ!E:U,17,FALSE) -> #N/A | R65: =VLOOKUP(C65,ひまわり!E:U,17,FALSE) -> #N/A
A66: 57 | B66: 調剤 | C66: コレチメント錠９ｍｇ | E66: 604.6 | F66: 73 | G66: 0 | I66: 46235 | J66: 2 | K66: 23 | L66: 532.06 | M66: 12237 | N66: 0 | Q66: =VLOOKUP(C66,あやめ!E:U,17,FALSE) -> #N/A | R66: =VLOOKUP(C66,ひまわり!E:U,17,FALSE) -> #N/A
A67: 58 | B67: 調剤 | C67: コンプラビン配合錠 | E67: 58.7 | F67: 59 | G67: 0 | I67: 46143 | J67: 4K101A | K67: 59 | L67: 49.34 | M67: 2911 | N67: 0 | Q67: =VLOOKUP(C67,あやめ!E:U,17,FALSE) -> #N/A | R67: =VLOOKUP(C67,ひまわり!E:U,17,FALSE) -> #N/A
A68: 59 | B68: 調剤 | C68: シロスタゾールＯＤ錠１００ｍｇ「サワイ」 | E68: 12.6 | F68: 69 | G68: 0 | I68: 46388 | J68: 123X08 | K68: 69 | L68: 10.34 | M68: 713 | N68: 0 | Q68: =VLOOKUP(C68,あやめ!E:U,17,FALSE) -> #N/A | R68: =VLOOKUP(C68,ひまわり!E:U,17,FALSE) -> #N/A
A69: 60 | B69: 調剤 | C69: シロスタゾールＯＤ錠５０ｍｇ「日医工」 | E69: 10.4 | F69: 4 | G69: 0 | I69: 46296 | J69: I01700 | K69: 4 | L69: 8.9 | M69: 36 | N69: 0 | Q69: =VLOOKUP(C69,あやめ!E:U,17,FALSE) -> 564 | R69: =VLOOKUP(C69,ひまわり!E:U,17,FALSE) -> #N/A
A70: 61 | B70: 調剤 | C70: シロドシンＯＤ錠２ｍｇ「ＤＳＥＰ」 | D70: 劇薬 | E70: 10.4 | F70: 20 | G70: 0 | I70: 46174 | J70: CTV0405 | K70: 20 | L70: 7.23 | M70: 145 | N70: 0 | Q70: =VLOOKUP(C70,あやめ!E:U,17,FALSE) -> #N/A | R70: =VLOOKUP(C70,ひまわり!E:U,17,FALSE) -> #N/A
A71: 62 | B71: 調剤 | C71: ジェイゾロフト錠２５ｍｇ | D71: 劇薬 | E71: 44.2 | F71: 130 | G71: 0 | I71: 46388 | J71: LC8760 | K71: 130 | L71: 38.76 | M71: 5039 | N71: 0 | Q71: =VLOOKUP(C71,あやめ!E:U,17,FALSE) -> #N/A | R71: =VLOOKUP(C71,ひまわり!E:U,17,FALSE) -> #N/A
A72: 63 | B72: 調剤 | C72: ジピリダモール錠１００ｍｇ「ＪＧ」 | E72: 6.1 | F72: 100 | G72: 0 | I72: 46692 | J72: JL011 | K72: 100 | L72: 6.1 | M72: 610 | N72: 0 | Q72: =VLOOKUP(C72,あやめ!E:U,17,FALSE) -> #N/A | R72: =VLOOKUP(C72,ひまわり!E:U,17,FALSE) -> #N/A
A73: 64 | B73: 調剤 | C73: ジメチコン錠４０ｍｇ「ＹＤ」 | E73: 5.9 | F73: 2 | G73: 0 | I73: 46784 | J73: Y25C03 | K73: 2 | L73: 4.72 | M73: 9 | N73: 0 | Q73: =VLOOKUP(C73,あやめ!E:U,17,FALSE) -> 1893 | R73: =VLOOKUP(C73,ひまわり!E:U,17,FALSE) -> 921
A74: 65 | B74: 調剤 | C74: ストロカイン錠５ｍｇ | E74: 6 | F74: 2 | G74: 0 | I74: 46661 | J74: 251A26S | K74: 2 | L74: 6 | M74: 12 | N74: 0 | Q74: =VLOOKUP(C74,あやめ!E:U,17,FALSE) -> 474 | R74: =VLOOKUP(C74,ひまわり!E:U,17,FALSE) -> 0
A75: 66 | B75: 調剤 | C75: セチリジン塩酸塩錠５ｍｇ「ＮＩＧ」 | E75: 10.4 | F75: 97 | G75: 0 | I75: 46447 | J75: KD011 | K75: 97 | L75: 7.53 | M75: 730 | N75: 0 | Q75: =VLOOKUP(C75,あやめ!E:U,17,FALSE) -> #N/A | R75: =VLOOKUP(C75,ひまわり!E:U,17,FALSE) -> #N/A
A76: 67 | B76: 調剤 | C76: セチルピリジニウム塩化物トローチ２ｍｇ「イワキ」 | E76: 6.1 | F76: 526 | G76: 0 | K76: 526 | L76: 5.14 | M76: 2704 | N76: 0 | Q76: =VLOOKUP(C76,あやめ!E:U,17,FALSE) -> #N/A | R76: =VLOOKUP(C76,ひまわり!E:U,17,FALSE) -> #N/A
A77: 68 | B77: 調剤 | C77: セフカペンピボキシル塩酸塩錠１００ｍｇ「ＳＷ」 | E77: 41.1 | F77: 6 | G77: 0 | H77: 46112 | K77: 6 | L77: 22.2 | M77: 133 | N77: 0 | Q77: =VLOOKUP(C77,あやめ!E:U,17,FALSE) -> 0 | R77: =VLOOKUP(C77,ひまわり!E:U,17,FALSE) -> #N/A
A78: 69 | B78: 調剤 | C78: セフジトレン ピボキシル錠１００ｍｇ「ＳＷ」 | E78: 56.6 | F78: 21 | G78: 0 | K78: 21 | L78: 56.6 | M78: 1189 | N78: 0 | Q78: =VLOOKUP(C78,あやめ!E:U,17,FALSE) -> #N/A | R78: =VLOOKUP(C78,ひまわり!E:U,17,FALSE) -> 0
A79: 70 | B79: 調剤 | C79: セララ錠５０ｍｇ | E79: 40.2 | F79: 130 | G79: 0 | I79: 46113 | J79: HN6550 | K79: 100 | L79: 37.09 | M79: 3709 | N79: 0 | Q79: =VLOOKUP(C79,あやめ!E:U,17,FALSE) -> 0 | R79: =VLOOKUP(C79,ひまわり!E:U,17,FALSE) -> 0
A80: 71 | B80: 調剤 | C80: セララ錠５０ｍｇ | E80: 40.2 | F80: 130 | G80: 0 | I80: 46082 | J80: HM6159 | K80: 30 | L80: 37.09 | M80: 1113 | N80: 0 | Q80: =VLOOKUP(C80,あやめ!E:U,17,FALSE) -> 0 | R80: =VLOOKUP(C80,ひまわり!E:U,17,FALSE) -> 0
A81: 72 | B81: 調剤 | C81: セルトラリンＯＤ錠５０ｍｇ「アメル」 | D81: 劇薬 | E81: 14.7 | F81: 100 | G81: 0 | I81: 46082 | J81: 2301 | K81: 100 | L81: 13.72 | M81: 1372 | N81: 0 | Q81: =VLOOKUP(C81,あやめ!E:U,17,FALSE) -> #N/A | R81: =VLOOKUP(C81,ひまわり!E:U,17,FALSE) -> #N/A
A82: 73 | B82: 調剤 | C82: セレネース錠１ｍｇ | D82: 劇薬 | E82: 8.2 | F82: 336 | G82: 0 | I82: 46054 | J82: 3032C | K82: 336 | L82: 6.01 | M82: 2019 | N82: 0 | Q82: =VLOOKUP(C82,あやめ!E:U,17,FALSE) -> #N/A | R82: =VLOOKUP(C82,ひまわり!E:U,17,FALSE) -> 0
A83: 74 | B83: 調剤 | C83: タクロリムスカプセル１ｍｇ「ＶＴＲＳ」 | D83: 劇薬 | E83: 153.5 | F83: 62 | G83: 0 | I83: 46388 | J83: M417AH1 | K83: 62 | L83: 135.08 | M83: 8375 | N83: 0 | Q83: =VLOOKUP(C83,あやめ!E:U,17,FALSE) -> #N/A | R83: =VLOOKUP(C83,ひまわり!E:U,17,FALSE) -> 60
A84: 75 | B84: 調剤 | C84: タンドスピロンクエン酸塩錠１０ｍｇ「サワイ」 | D84: 劇薬 | E84: 9.3 | F84: 2 | G84: 0 | I84: 46753 | J84: 524X01 | K84: 2 | L84: 9.3 | M84: 19 | N84: 0 | Q84: =VLOOKUP(C84,あやめ!E:U,17,FALSE) -> 1050 | R84: =VLOOKUP(C84,ひまわり!E:U,17,FALSE) -> #N/A
A85: 76 | B85: 調剤 | C85: タンドスピロンクエン酸塩錠１０ｍｇ「トーワ」 | D85: 劇薬 | E85: 9.3 | F85: 7 | G85: 0 | K85: 7 | L85: 10.9 | M85: 76 | N85: 0 | Q85: =VLOOKUP(C85,あやめ!E:U,17,FALSE) -> #N/A | R85: =VLOOKUP(C85,ひまわり!E:U,17,FALSE) -> #N/A
A86: 77 | B86: 調剤 | C86: タンニン酸アルブミン「ＮｉｋＰ」 | E86: 7.2 | F86: 9.5 | G86: 0 | H86: 45747 | K86: 9.5 | L86: 5.12 | M86: 49 | N86: 0 | Q86: =VLOOKUP(C86,あやめ!E:U,17,FALSE) -> 0 | R86: =VLOOKUP(C86,ひまわり!E:U,17,FALSE) -> #N/A
A87: 78 | B87: 調剤 | C87: ダイアップ坐剤１０ １０ｍｇ | D87: 向3 | E87: 66.1 | F87: 45 | G87: 0 | K87: 45 | L87: 63.84 | M87: 2873 | N87: 0 | Q87: =VLOOKUP(C87,あやめ!E:U,17,FALSE) -> 0 | R87: =VLOOKUP(C87,ひまわり!E:U,17,FALSE) -> #N/A
A88: 79 | B88: 調剤 | C88: ツムラ黄連解毒湯エキス顆粒（医療用） | E88: 14.1 | F88: 55 | G88: 0 | K88: 55 | L88: 12.9 | M88: 710 | N88: 0 | Q88: =VLOOKUP(C88,あやめ!E:U,17,FALSE) -> 0 | R88: =VLOOKUP(C88,ひまわり!E:U,17,FALSE) -> 70
A89: 80 | B89: 調剤 | C89: ツムラ温経湯エキス顆粒（医療用） | E89: 37.2 | F89: 52.5 | G89: 0 | K89: 52.5 | L89: 22.54 | M89: 1183 | N89: 0 | Q89: =VLOOKUP(C89,あやめ!E:U,17,FALSE) -> #N/A | R89: =VLOOKUP(C89,ひまわり!E:U,17,FALSE) -> #N/A
A90: 81 | B90: 調剤 | C90: ツムラ人参養栄湯エキス顆粒（医療用） | E90: 20.1 | F90: 66 | G90: 0 | K90: 66 | L90: 18.63 | M90: 1230 | N90: 0 | Q90: =VLOOKUP(C90,あやめ!E:U,17,FALSE) -> #N/A | R90: =VLOOKUP(C90,ひまわり!E:U,17,FALSE) -> 2547
A91: 82 | B91: 調剤 | C91: ツムラ疎経活血湯エキス顆粒（医療用） | E91: 16.2 | F91: 415 | G91: 0 | I91: 46784 | J91: X61311 | K91: 315 | L91: 16.2 | M91: 5103 | N91: 0 | Q91: =VLOOKUP(C91,あやめ!E:U,17,FALSE) -> 420 | R91: =VLOOKUP(C91,ひまわり!E:U,17,FALSE) -> #N/A
A92: 83 | B92: 調剤 | C92: ツムラ疎経活血湯エキス顆粒（医療用） | E92: 16.2 | F92: 415 | G92: 0 | I92: 46722 | J92: X42841 | K92: 100 | L92: 16.2 | M92: 1620 | N92: 0 | Q92: =VLOOKUP(C92,あやめ!E:U,17,FALSE) -> 420 | R92: =VLOOKUP(C92,ひまわり!E:U,17,FALSE) -> #N/A
A93: 84 | B93: 調剤 | C93: テオドール錠１００ｍｇ | E93: 6.1 | F93: 94 | G93: 0 | I93: 46753 | J93: J158A | K93: 94 | L93: 4.99 | M93: 469 | N93: 0 | Q93: =VLOOKUP(C93,あやめ!E:U,17,FALSE) -> #N/A | R93: =VLOOKUP(C93,ひまわり!E:U,17,FALSE) -> 0
A94: 85 | B94: 調剤 | C94: ディレグラ配合錠 | D94: 劇薬 | E94: 27.1 | F94: 76 | G94: 0 | I94: 46419 | J94: 4K359A | K94: 76 | L94: 27.1 | M94: 2060 | N94: 0 | Q94: =VLOOKUP(C94,あやめ!E:U,17,FALSE) -> #N/A | R94: =VLOOKUP(C94,ひまわり!E:U,17,FALSE) -> 0
A95: 86 | B95: 調剤 | C95: デカドロン錠４ｍｇ | E95: 25.3 | F95: 79 | G95: 0 | I95: 46419 | J95: BP0101 | K95: 79 | L95: 22.8 | M95: 1801 | N95: 0 | Q95: =VLOOKUP(C95,あやめ!E:U,17,FALSE) -> 0 | R95: =VLOOKUP(C95,ひまわり!E:U,17,FALSE) -> #N/A
A96: 87 | B96: 調剤 | C96: デキサメタゾンプロピオン酸エステルクリーム０．１％「日医工」 | D96: 劇薬 | E96: 13.4 | F96: 10 | G96: 0 | H96: 45747 | K96: 10 | L96: 9.44 | M96: 94 | N96: 0 | Q96: =VLOOKUP(C96,あやめ!E:U,17,FALSE) -> #N/A | R96: =VLOOKUP(C96,ひまわり!E:U,17,FALSE) -> #N/A
A97: 88 | B97: 調剤 | C97: デキサメタゾンプロピオン酸エステル軟膏０．１％「日医工」 | D97: 劇薬 | E97: 13.4 | F97: 5 | G97: 0 | H97: 45747 | K97: 5 | L97: 8.36 | M97: 42 | N97: 0 | Q97: =VLOOKUP(C97,あやめ!E:U,17,FALSE) -> #N/A | R97: =VLOOKUP(C97,ひまわり!E:U,17,FALSE) -> #N/A
A98: 89 | B98: 調剤 | C98: デキサメタゾン軟膏０．１％「イワキ」 | E98: 7.3 | F98: 40 | G98: 0 | K98: 40 | L98: 6.72 | M98: 269 | N98: 0 | Q98: =VLOOKUP(C98,あやめ!E:U,17,FALSE) -> 0 | R98: =VLOOKUP(C98,ひまわり!E:U,17,FALSE) -> #N/A
A99: 90 | B99: 調剤 | C99: デキストロメトルファン臭化水素酸塩錠１５ｍｇ「ツルハラ」 | E99: 8.6 | F99: 2 | G99: 0 | I99: 47362 | J99: 430B | K99: 2 | L99: 7.7 | M99: 15 | N99: 0 | Q99: =VLOOKUP(C99,あやめ!E:U,17,FALSE) -> 11036 | R99: =VLOOKUP(C99,ひまわり!E:U,17,FALSE) -> 1236
A100: 91 | B100: 調剤 | C100: デパケンシロップ５％ | E100: 7.9 | F100: 2 | G100: 0 | I100: 46327 | J100: 658ACK | K100: 2 | L100: 5.86 | M100: 12 | N100: 0 | Q100: =VLOOKUP(C100,あやめ!E:U,17,FALSE) -> #N/A | R100: =VLOOKUP(C100,ひまわり!E:U,17,FALSE) -> #N/A
...

Sheet ひまわり
A1: ブロック | B1: 選択なし
A2: 店舗 | B2: ひまわり薬局
A3: 薬品名 | C3: 部分一致
A4: メーカー名 | C4: 部分一致
A5: 非表示設定 | B5: 非表示以外
A6: 薬品区分 | B6: - すべて -
A7: 剤型 | B7: - すべて -
A8: 経過措置日 | B8: - すべて -
A9: 管理区分 | B9: - すべて -
A10: 集計期間 | B10: 2025年09月01日 ～ 2025年12月07日
A11: 在庫数量 | B11: すべて
A12: 算定時除外対象薬 | B12: すべて
A13: 後発品(GE) | B13: すべて
A14: ハイリスク薬 | B14: すべて
A15: 新薬創出・適応外薬解消等促進加算 | B15: すべて
A16: 管理薬剤 | B16: すべて
... A21: 不動在庫商品のみ | B21: すべて
A22: 出力日 | B22: 45999
A23: 後発品構成比 | B23: 0.9471 | C23: 後発品処方換算数量 | D23: 209648 | E23: 処方換算数量合計 | F23: 221352 | G23: 後発品構成比（臨時） | H23: 0.9521 | I23: 後発品処方換算数量（臨時） | J23: 179863 | K23: 処方換算数量合計（臨時） | L23: 188900
A24: No. | B24: 管理区分 | C24: レセ電コード | D24: メーカー | E24: 薬品名 | F24: 薬品区分 | G24: 剤型 | H24: GE | I24: ハイ | J24: 新創 | K24: 局方 | L24: 漢方 | M24: ｵｰﾌｧﾝ | N24: 除外 | O24: 薬価 | P24: 原価 | Q24: 単位 | R24: 在庫数量 | S24: 在庫金額 | T24: 回転数 | U24: 処方数量 | V24: 処方金額 | W24: 他出庫数量 | X24: 他出庫金額 | Y24: 入庫数量 | Z24: 入庫金額 | AA24: 経過措置日
A25: 1 | B25: 調剤 | C25: 622916901 | D25: ヤンセンファーマ | E25: ジスバルカプセル４０ｍｇ | F25: 劇薬 | G25: 内服 | N25: 除外 | O25: 2297.9 | P25: 2297.9 | Q25: カプセル | R25: 106 | S25: 243577 | T25: 3.31 | U25: 222 | V25: 510135 | Y25: 300 | Z25: 689370
A26: 2 | B26: 調剤 | C26: 622623101 | D26: アステラス製薬 | E26: イクスタンジ錠８０ｍｇ | F26: 劇薬 | G26: 内服 | I26: ハイ | N26: 除外 | O26: 4101.8 | P26: 4101.79 | Q26: 錠 | R26: 56 | S26: 229700 | T26: 1 | U26: 56 | V26: 229701 | Y26: 112 | Z26: 459400
A27: 3 | B27: 調剤 | C27: 622699301 | D27: 武田薬品 | E27: トリンテリックス錠１０ｍｇ | F27: 劇薬 | G27: 内服 | I27: ハイ | N27: 除外 | O27: 161.7 | P27: 161.7 | Q27: 錠 | R27: 1304.5 | S27: 210938 | T27: 5 | U27: 5318.5 | V27: 860004 | Y27: 5800 | Z27: 937860
A28: 4 | B28: 調剤 | C28: 622484701 | D28: エーザイ | E28: フィコンパ錠４ｍｇ | F28: 無し | G28: 内服 | I28: ハイ | J28: 新創 | N28: 除外 | O28: 319.7 | P28: 319.7 | Q28: 錠 | R28: 587 | S28: 187664 | T28: 0.96 | U28: 451 | V28: 144186 | Y28: 684 | Z28: 217140
A29: 5 | B29: 調剤 | C29: 622986601 | D29: ＭＳＤ | E29: ラゲブリオ錠４００ｍｇ | F29: 劇薬 | G29: 内服 | N29: 除外 | O29: 4329.8 | P29: 4329.8 | Q29: 錠 | R29: 40 | S29: 173192 | T29: 1 | U29: 40 | V29: 173192 | Y29: 80 | Z29: 346384
A30: 6 | B30: 調剤 | C30: 622833401 | D30: 大塚製薬 | E30: レキサルティＯＤ錠２ｍｇ | F30: 劇薬 | G30: 内服 | I30: ハイ | N30: 除外 | O30: 461.9 | P30: 461.9 | Q30: 錠 | R30: 329 | S30: 151965 | T30: 6 | U30: 2013 | V30: 929806 | Y30: 2000 | Z30: 923800
A31: 7 | B31: 調剤 | C31: 622068301 | D31: バイエル | E31: イグザレルト錠１０ｍｇ | F31: 無し | G31: 内服 | I31: ハイ | N31: 除外 | O31: 331.6 | P31: 331.6 | Q31: 錠 | R31: 371.5 | S31: 123189 | T31: 0.77 | U31: 306 | V31: 101467 | Y31: 255 | Z31: 50745
A32: 8 | B32: 調剤 | C32: 622819401 | D32: 協和キリン | E32: ダーブロック錠６ｍｇ | F32: 劇薬 | G32: 内服 | N32: 除外 | O32: 378.4 | P32: 378.4 | Q32: 錠 | R32: 313 | S32: 118439 | T32: 0.32 | U32: 105 | V32: 39732 | Y32: 69 | Z32: 692
A33: 9 | B33: 調剤 | C33: 622496901 | D33: ＭｅｉｊｉＳｅｉｋａ | E33: シクレスト舌下錠１０ｍｇ | F33: 劇薬 | G33: 内服 | I33: ハイ | N33: 除外 | O33: 307 | P33: 307 | Q33: 錠 | R33: 383 | S33: 117581 | T33: 0.45 | U33: 180 | V33: 55260 | Y33: 144 | Z33: 26640
A34: 10 | B34: 調剤 | C34: 622546701 | E34: インチュニブ錠１ｍｇ | F34: 劇薬 | G34: 内服 | I34: ハイ | N34: 除外 | O34: 398.8 | P34: 398.8 | Q34: 錠 | R34: 235 | S34: 93718 | T34: 4.43 | U34: 1149 | V34: 458222 | Y34: 1100 | Z34: 438680
A35: 11 | B35: 調剤 | C35: 622449601 | D35: ヴィアトリス | E35: イフェクサーＳＲカプセル７５ｍｇ | F35: 劇薬 | G35: 内服 | I35: ハイ | N35: 除外 | O35: 167.6 | P35: 167.6 | Q35: カプセル | R35: 559 | S35: 93688 | T35: 5.95 | U35: 2688 | V35: 450507 | Y35: 2902 | Z35: 486242
A36: 12 | B36: 調剤 | C36: 622994101 | D36: 第一三共 | E36: アビラテロン酢酸エステル錠２５０ｍｇ「ＤＳＥＰ」 | F36: 劇薬 | G36: 内服 | H36: GE | O36: 1632.3 | P36: 1632.3 | Q36: 錠 | R36: 56 | S36: 91409 | Y36: 56 | Z36: 91409
A37: 13 | B37: 調剤 | C37: 622573601 | D37: 第一三共 | E37: カナリア配合錠 | F37: 無し | G37: 内服 | I37: ハイ | N37: 除外 | O37: 208.5 | P37: 208.5 | Q37: 錠 | R37: 438 | S37: 91323 | T37: 5.34 | U37: 2285 | V37: 476426 | Y37: 2305 | Z37: 480180
A38: 14 | B38: 調剤 | C38: 622930901 | D38: 興和 | E38: アリドネパッチ５５ｍｇ | F38: 劇薬 | G38: 外用 | N38: 除外 | O38: 437.6 | P38: 437.57 | Q38: 枚 | R38: 203 | S38: 88827 | T38: 1.63 | U38: 271 | V38: 118590 | Y38: 344 | Z38: 136908
A39: 15 | B39: 調剤 | C39: 622342001 | D39: 小野薬品 | E39: フォシーガ錠１０ｍｇ | F39: 無し | G39: 内服 | I39: ハイ | J39: 新創 | N39: 除外 | O39: 220.3 | P39: 220.3 | Q39: 錠 | R39: 326.5 | S39: 71928 | T39: 0.3 | U39: 63 | V39: 13879 | Y39: 300 | Z39: 66090
A40: 16 | B40: 調剤 | C40: 622833301 | D40: 大塚製薬 | E40: レキサルティＯＤ錠１ｍｇ | F40: 劇薬 | G40: 内服 | I40: ハイ | N40: 除外 | O40: 241.8 | P40: 241.8 | Q40: 錠 | R40: 293 | S40: 70847 | T40: 5.57 | U40: 1582 | V40: 382524 | Y40: 1600 | Z40: 383253
A41: 17 | B41: 調剤 | C41: 622093301 | D41: アステラス製薬 | E41: ベタニス錠５０ｍｇ | F41: 劇薬 | G41: 内服 | N41: 除外 | O41: 141.7 | P41: 141.7 | Q41: 錠 | R41: 489 | S41: 69291 | T41: 4.25 | U41: 1930 | V41: 273483 | Y41: 2000 | Z41: 283400
A42: 18 | B42: 調剤 | C42: 622546801 | E42: インチュニブ錠３ｍｇ | F42: 劇薬 | G42: 内服 | I42: ハイ | N42: 除外 | O42: 527.2 | P42: 448.12 | Q42: 錠 | R42: 153 | S42: 68562 | T42: 3.21 | U42: 250 | V42: 131800 | Y42: 400 | Z42: 179248
A43: 19 | B43: 調剤 | C43: 622794801 | D43: 住友ファーマ | E43: ラツーダ錠４０ｍｇ | F43: 劇薬 | G43: 内服 | I43: ハイ | N43: 除外 | O43: 295.8 | P43: 295.8 | Q43: 錠 | R43: 230 | S43: 68034 | T43: 2.98 | U43: 729 | V43: 215638 | Y43: 700 | Z43: 207060
A44: 20 | B44: 調剤 | C44: 620007996 | D44: 日本新薬 | E44: エビプロスタット配合錠ＤＢ | F44: 無し | G44: 内服 | O44: 25.5 | P44: 25.5 | Q44: 錠 | R44: 2507 | S44: 63929 | T44: 4.17 | U44: 8322 | V44: 212213 | Y44: 9349 | Z44: 231258
A45: 21 | B45: 調剤 | C45: 622795001 | D45: 住友ファーマ | E45: ラツーダ錠８０ｍｇ | F45: 劇薬 | G45: 内服 | I45: ハイ | N45: 除外 | O45: 438.6 | P45: 438.6 | Q45: 錠 | R45: 136 | S45: 59650 | T45: 0.64 | U45: 120 | V45: 52632 | Y45: 16 | Z45: 4224
A46: 22 | B46: 調剤 | C46: 622930801 | D46: 興和 | E46: アリドネパッチ２７．５ｍｇ | F46: 劇薬 | G46: 外用 | N46: 除外 | O46: 286.4 | P46: 286.39 | Q46: 枚 | R46: 194 | S46: 55560 | T46: 4.06 | U46: 1138 | V46: 325923 | Y46: 966 | Z46: 275054
A47: 23 | B47: 調剤 | C47: 622688001 | D47: 住友ファーマ | E47: ロナセンテープ４０ｍｇ | F47: 劇薬 | G47: 外用 | I47: ハイ | N47: 除外 | O47: 429.1 | P47: 429.1 | Q47: 枚 | R47: 123 | S47: 52779 | T47: 3.9 | U47: 645 | V47: 276771 | Y47: 560 | Z47: 240296
A48: 24 | B48: 調剤 | C48: 622821101 | D48: ノバルティスＰ | E48: エンレスト錠２００ｍｇ | F48: 無し | G48: 内服 | N48: 除外 | O48: 188.2 | P48: 188.2 | Q48: 錠 | R48: 279 | S48: 52508 | T48: 3.18 | U48: 924 | V48: 173898 | Y48: 900 | Z48: 169380
A49: 25 | B49: 調剤 | C49: 622012101 | D49: 第一三共 | E49: イナビル吸入粉末剤２０ｍｇ | F49: 無し | G49: 外用 | J49: 新創 | N49: 除外 | O49: 2098.1 | P49: 2098 | Q49: キット | R49: 25 | S49: 52450 | T49: 0.25 | U49: 6 | V49: 12588 | Y49: 8 | Z49: 16784
A50: 26 | B50: 調剤 | C50: 622375201 | D50: 第一三共 | E50: リクシアナ錠６０ｍｇ | F50: 無し | G50: 内服 | I50: ハイ | J50: 新創 | N50: 除外 | O50: 416.8 | P50: 416.8 | Q50: 錠 | R50: 122.5 | S50: 51058 | T50: 1.49 | U50: 132 | V50: 55018 | Y50: 200 | Z50: 83360
A51: 27 | B51: 調剤 | C51: 622703201 | D51: エーザイ | E51: デエビゴ錠５ｍｇ | F51: 無し | G51: 内服 | N51: 除外 | O51: 71.3 | P51: 71.3 | Q51: 錠 | R51: 714 | S51: 50908 | T51: 8.6 | U51: 6217 | V51: 443272 | Y51: 6200 | Z51: 442060
A52: 28 | B52: 調剤 | C52: 622653001 | E52: ベオーバ錠５０ｍｇ | F52: 無し | G52: 内服 | N52: 除外 | O52: 146.1 | P52: 146.1 | Q52: 錠 | R52: 329 | S52: 48067 | T52: 8.42 | U52: 3072 | V52: 448821 | Y52: 3000 | Z52: 438300
A53: 29 | B53: 調剤 | C53: 629911701 | D53: ノボノルディスクＰ | E53: リベルサス錠７ｍｇ | F53: 劇薬 | G53: 内服 | I53: ハイ | N53: 除外 | O53: 325.7 | P53: 325.7 | Q53: 錠 | R53: 145 | S53: 47227 | T53: 2.14 | U53: 204 | V53: 66442 | Y53: 303 | Z53: 98298
A54: 30 | B54: 調剤 | C54: 622819301 | D54: 協和キリン | E54: ダーブロック錠４ｍｇ | F54: 劇薬 | G54: 内服 | N54: 除外 | O54: 278.5 | P54: 278.5 | Q54: 錠 | R54: 165.5 | S54: 46092 | T54: 1.78 | U54: 217 | V54: 60435 | Y54: 304 | Z54: 84222
A55: 31 | B55: 調剤 | C55: 622576101 | D55: 第一三共 | E55: リクシアナＯＤ錠３０ｍｇ | F55: 無し | G55: 内服 | I55: ハイ | J55: 新創 | N55: 除外 | O55: 411.3 | P55: 411.3 | Q55: 錠 | R55: 109 | S55: 44832 | T55: 1.74 | U55: 119 | V55: 48944 | Y55: 200 | Z55: 82260
A56: 32 | B56: 調剤 | C56: 622224901 | E56: エリキュース錠２．５ｍｇ | F56: 無し | G56: 内服 | I56: ハイ | N56: 除外 | O56: 114.7 | P56: 114.7 | Q56: 錠 | R56: 373 | S56: 42783 | T56: 1.12 | U56: 316 | V56: 36245 | Y56: 500 | Z56: 57350
A57: 33 | B57: 調剤 | C57: 622093501 | D57: 日本ベーリンガー | E57: トラゼンタ錠５ｍｇ | F57: 無し | G57: 内服 | I57: ハイ | N57: 除外 | O57: 118.9 | P57: 118.9 | Q57: 錠 | R57: 358 | S57: 42566 | T57: 3.48 | U57: 1138 | V57: 135308 | Y57: 1200 | Z57: 142680
A58: 34 | B58: 調剤 | C58: 622794901 | D58: 住友ファーマ | E58: ラツーダ錠６０ｍｇ | F58: 劇薬 | G58: 内服 | I58: ハイ | N58: 除外 | O58: 420.4 | P58: 420.4 | Q58: 錠 | R58: 96 | S58: 40358 | T58: 2.11 | U58: 156 | V58: 65582 | Y58: 200 | Z58: 84080
A59: 35 | B59: 調剤 | C59: 622401201 | D59: 日本ベーリンガー | E59: ジャディアンス錠１０ｍｇ | F59: 無し | G59: 内服 | I59: ハイ | J59: 新創 | N59: 除外 | O59: 166 | P59: 166 | Q59: 錠 | R59: 240 | S59: 39840 | T59: 4.26 | U59: 792 | V59: 131472 | Y59: 900 | Z59: 149400
A60: 36 | B60: 調剤 | C60: 622622601 | D60: 塩野義 | E60: ゾフルーザ錠２０ｍｇ | F60: 無し | G60: 内服 | J60: 新創 | N60: 除外 | O60: 2438.8 | P60: 2438.8 | Q60: 錠 | R60: 16 | S60: 39021 | T60: 0.22 | U60: 4 | V60: 9755
A61: 37 | B61: 調剤 | C61: 622840301 | D61: ＧＳＫ | E61: テリルジー２００エリプタ３０吸入用 | F61: 無し | G61: 外用 | N61: 除外 | O61: 9673.8 | P61: 9674 | Q61: キット | R61: 4 | S61: 38696 | T61: 4.8 | U61: 12 | V61: 116087 | Y61: 15 | Z61: 145110
A62: 38 | B62: 調剤 | C62: 622484601 | D62: エーザイ | E62: フィコンパ錠２ｍｇ | F62: 無し | G62: 内服 | I62: ハイ | J62: 新創 | N62: 除外 | O62: 195.7 | P62: 195.7 | Q62: 錠 | R62: 190.5 | S62: 37281 | T62: 1.28 | U62: 375 | V62: 73388 | Y62: 168 | Z62: 32877
A63: 39 | B63: 調剤 | C63: 622910201 | D63: 第一三共 | E63: ミネブロＯＤ錠２．５ｍｇ | F63: 無し | G63: 内服 | N63: 除外 | O63: 91.6 | P63: 91.6 | Q63: 錠 | R63: 407 | S63: 37281 | T63: 2.22 | U63: 882 | V63: 80792 | Y63: 900 | Z63: 82440
A64: 40 | B64: 調剤 | C64: 622653501 | E64: アミティーザカプセル１２μｇ | F64: 無し | G64: 内服 | N64: 除外 | O64: 48.2 | P64: 48.2 | Q64: カプセル | R64: 769 | S64: 37066 | T64: 3.76 | U64: 2908 | V64: 140165 | Y64: 2900 | Z64: 139780
A65: 41 | B65: 調剤 | C65: 622669901 | D65: 第一三共 | E65: タリージェ錠１０ｍｇ | F65: 無し | G65: 内服 | N65: 除外 | O65: 127.9 | P65: 127.9 | Q65: 錠 | R65: 286 | S65: 36579 | T65: 0.65 | U65: 180 | V65: 23022 | Y65: 200 | Z65: 25580
A66: 42 | B66: 調剤 | C66: 622496801 | D66: ＭｅｉｊｉＳｅｉｋａ | E66: シクレスト舌下錠５ｍｇ | F66: 劇薬 | G66: 内服 | I66: ハイ | N66: 除外 | O66: 199.6 | P66: 199.6 | Q66: 錠 | R66: 178 | S66: 35529 | T66: 4.49 | U66: 620 | V66: 123753 | Y66: 700 | Z66: 139720
A67: 43 | B67: 調剤 | C67: 622404501 | D67: 武田薬品 | E67: タケキャブ錠２０ｍｇ | F67: 無し | G67: 内服 | N67: 除外 | O67: 141 | P67: 141 | Q67: 錠 | R67: 248 | S67: 34968 | T67: 3.28 | U67: 778 | V67: 109698 | Y67: 800 | Z67: 112800
A68: 44 | B68: 調剤 | C68: 622184501 | D68: エーザイ | E68: ケアラム錠２５ｍｇ | F68: 劇薬 | G68: 内服 | I68: ハイ | J68: 新創 | N68: 除外 | O68: 88 | P68: 88 | Q68: 錠 | R68: 388 | S68: 34144 | T68: 0.54 | U68: 120 | V68: 10560 | Y68: 454 | Z68: 27562
A69: 45 | B69: 調剤 | C69: 622703301 | D69: エーザイ | E69: デエビゴ錠１０ｍｇ | F69: 無し | G69: 内服 | N69: 除外 | O69: 106.4 | P69: 106.4 | Q69: 錠 | R69: 316 | S69: 33622 | T69: 4.51 | U69: 1201 | V69: 127786 | Y69: 1300 | Z69: 138320
A70: 46 | B70: 調剤 | C70: 622794701 | D70: 住友ファーマ | E70: ラツーダ錠２０ｍｇ | F70: 劇薬 | G70: 内服 | I70: ハイ | N70: 除外 | O70: 159.1 | P70: 159.1 | Q70: 錠 | R70: 203 | S70: 32297 | T70: 2.88 | U70: 307 | V70: 48845 | Y70: 500 | Z70: 79550
A71: 47 | B71: 調剤 | C71: 622182901 | E71: アミティーザカプセル２４μｇ | F71: 無し | G71: 内服 | N71: 除外 | O71: 96.9 | P71: 96.9 | Q71: カプセル | R71: 325 | S71: 31493 | T71: 3.7 | U71: 978 | V71: 94770 | Y71: 1100 | Z71: 106590
A72: 48 | B72: 調剤 | C72: 622507901 | D72: 第一三共 | E72: ビムパット錠５０ｍｇ | F72: 劇薬 | G72: 内服 | I72: ハイ | J72: 新創 | N72: 除外 | O72: 217.8 | P72: 217.8 | Q72: 錠 | R72: 144 | S72: 31363 | T72: 0.48 | U72: 90 | V72: 19602
A73: 49 | B73: 調剤 | C73: 615101408 | D73: ツムラ | E73: ツムラ加味帰脾湯エキス顆粒（医療用） | F73: 無し | G73: 内服 | L73: 漢方 | O73: 26 | P73: 26 | Q73: ｇ | R73: 1202.5 | S73: 31265 | T73: 3.21 | U73: 3645 | V73: 94770 | Y73: 3780 | Z73: 98280
A74: 50 | B74: 調剤 | C74: 622306701 | D74: アステラス製薬 | E74: スーグラ錠５０ｍｇ | F74: 無し | G74: 内服 | I74: ハイ | J74: 新創 | N74: 除外 | O74: 149.7 | P74: 133.37 | Q74: 錠 | R74: 233 | S74: 31075 | T74: 2.19 | U74: 389 | V74: 58235 | Y74: 500 | Z74: 66685
A75: 51 | B75: 調剤 | C75: 620009421 | D75: 日医工 | E75: ビカルタミド錠８０ｍｇ「日医工」 | F75: 劇薬 | G75: 内服 | H75: GE | I75: ハイ | K75: 局方 | O75: 110.9 | P75: 90.93 | Q75: 錠 | R75: 336 | S75: 30552 | T75: 2.54 | U75: 558 | V75: 61882 | Y75: 790 | Z75: 71836
A76: 52 | B76: 調剤 | C76: 622833201 | D76: 大塚製薬 | E76: レキサルティＯＤ錠０．５ｍｇ | F76: 劇薬 | G76: 内服 | I76: ハイ | N76: 除外 | O76: 128.7 | P76: 128.7 | Q76: 錠 | R76: 233 | S76: 29987 | T76: 4.06 | U76: 1053 | V76: 135524 | Y76: 1000 | Z76: 124840
A77: 53 | B77: 調剤 | C77: 622930101 | D77: ニプロ | E77: エソメプラゾールカプセル２０ｍｇ「ニプロ」 | F77: 無し | G77: 内服 | H77: GE | O77: 37.8 | P77: 30.24 | Q77: カプセル | R77: 973 | S77: 29424 | T77: 2.28 | U77: 2075 | V77: 78432 | Y77: 2200 | Z77: 66528
A78: 54 | B78: 調剤 | C78: 622573501 | D78: マルホ | E78: アメナリーフ錠２００ｍｇ | F78: 無し | G78: 内服 | N78: 除外 | O78: 1148.7 | P78: 1148.71 | Q78: 錠 | R78: 24 | S78: 27569
A79: 55 | B79: 調剤 | C79: 622225101 | D79: ファイザー | E79: トビエース錠４ｍｇ | F79: 無し | G79: 内服 | N79: 除外 | O79: 135 | P79: 135 | Q79: 錠 | R79: 203 | S79: 27405 | T79: 1.47 | U79: 352 | V79: 47520 | W79: 35 | X79: 4725 | Y79: 314 | Z79: 41634
A80: 56 | B80: 調剤 | C80: 620003480 | D80: 大塚製薬 | E80: エビリファイ錠６ｍｇ | F80: 劇薬 | G80: 内服 | I80: ハイ | N80: 除外 | O80: 65.3 | P80: 65.3 | Q80: 錠 | R80: 406 | S80: 26512 | T80: 1.66 | U80: 360 | V80: 23508 | Y80: 739 | Z80: 29560
A81: 57 | B81: 調剤 | C81: 621950801 | D81: アストラゼネカ | E81: シムビコートタービュヘイラー６０吸入 | F81: 無し | G81: 外用 | J81: 新創 | N81: 除外 | O81: 2535.3 | P81: 2535 | Q81: キット | R81: 10 | S81: 25350 | T81: 0.2 | U81: 2 | V81: 5071 | Y81: 2 | Z81: 5070
A82: 58 | B82: 調剤 | C82: 622198801 | D82: 武田薬品 | E82: ロトリガ粒状カプセル２ｇ | F82: 無し | G82: 内服 | N82: 除外 | O82: 144 | P82: 144 | Q82: 包 | R82: 175 | S82: 25200 | T82: 1.13 | U82: 229 | V82: 32976 | Y82: 172 | Z82: 24540
A83: 59 | B83: 調剤 | C83: 622798301 | D83: 日新製薬 | E83: メマンチン塩酸塩ＯＤ錠２０ｍｇ「日新」 | F83: 劇薬 | G83: 内服 | H83: GE | O83: 77.6 | P83: 62.08 | Q83: 錠 | R83: 403 | S83: 25018 | T83: 1.31 | U83: 452 | V83: 35075 | Y83: 568 | Z83: 35260
A84: 60 | B84: 調剤 | C84: 622969701 | D84: 塩野義 | E84: クービビック錠５０ｍｇ | F84: 無し | G84: 内服 | N84: 除外 | O84: 90.8 | P84: 90.8 | Q84: 錠 | R84: 269 | S84: 24425 | T84: 1.68 | U84: 272 | V84: 24696 | Y84: 486 | Z84: 41050
A85: 61 | B85: 調剤 | C85: 622182601 | E85: テネリア錠２０ｍｇ | F85: 無し | G85: 内服 | I85: ハイ | N85: 除外 | O85: 98.3 | P85: 84.54 | Q85: 錠 | R85: 288 | S85: 24348 | T85: 1.1 | U85: 215 | V85: 21136 | Y85: 400 | Z85: 33816
A86: 62 | B86: 調剤 | C86: 610411058 | D86: 塩野義 | E86: フロモックス錠１００ｍｇ | F86: 無し | G86: 内服 | K86: 局方 | O86: 41.1 | P86: 34.93 | Q86: 錠 | R86: 658 | S86: 22984 | T86: 0.1 | U86: 42 | V86: 1726 | W86: 100 | X86: 3493 | Y86: 600 | Z86: 20958
A87: 63 | B87: 調剤 | C87: 615101510 | D87: ツムラ | E87: ツムラ抑肝散エキス顆粒（医療用） | F87: 無し | G87: 内服 | L87: 漢方 | O87: 16.1 | P87: 16.1 | Q87: ｇ | R87: 1382.5 | S87: 22258 | T87: 4.95 | U87: 4875 | V87: 78495 | Y87: 5670 | Z87: 91284
A88: 64 | B88: 調剤 | C88: 622676801 | E88: ロスーゼット配合錠ＬＤ | F88: 無し | G88: 内服 | N88: 除外 | O88: 69.1 | P88: 69.1 | Q88: 錠 | R88: 320 | S88: 22112 | T88: 0.17 | U88: 60 | V88: 4146
A89: 65 | B89: 調剤 | C89: 620004945 | D89: 大塚製薬 | E89: エビリファイ錠１２ｍｇ | F89: 劇薬 | G89: 内服 | I89: ハイ | N89: 除外 | O89: 124.3 | P89: 122.38 | Q89: 錠 | R89: 179 | S89: 21906 | T89: 0.58 | U89: 120 | V89: 14916 | Y89: 61 | Z89: 4575
A90: 66 | B90: 調剤 | C90: 622703101 | D90: エーザイ | E90: デエビゴ錠２．５ｍｇ | F90: 無し | G90: 内服 | N90: 除外 | O90: 44.9 | P90: 44.9 | Q90: 錠 | R90: 479.5 | S90: 21530 | T90: 3.48 | U90: 1509.5 | V90: 67776 | Y90: 1600 | Z90: 71840
A91: 67 | B91: 調剤 | C91: 615101469 | D91: ツムラ | E91: ツムラ大建中湯エキス顆粒（医療用） | F91: 無し | G91: 内服 | L91: 漢方 | O91: 13.7 | P91: 13.7 | Q91: ｇ | R91: 1560 | S91: 21372 | T91: 4.76 | U91: 6030 | V91: 82613 | Y91: 6615 | Z91: 90622
A92: 68 | B92: 調剤 | C92: 622832901 | E92: モビコール配合内用剤ＬＤ ６．８５２３ｇ | F92: 無し | G92: 内服 | N92: 除外 | O92: 61.4 | P92: 61.4 | Q92: 包 | R92: 347 | S92: 21306 | T92: 1.67 | U92: 484 | V92: 29717 | Y92: 600 | Z92: 36840
A93: 69 | B93: 調剤 | C93: 622668201 | D93: 第一三共 | E93: シロドシンＯＤ錠４ｍｇ「ＤＳＥＰ」 | F93: 劇薬 | G93: 内服 | H93: GE | K93: 局方 | O93: 13.2 | P93: 13.2 | Q93: 錠 | R93: 1609 | S93: 21239 | T93: 3.33 | U93: 5202 | V93: 68667 | Y93: 5300 | Z93: 69960
A94: 70 | B94: 調剤 | C94: 622375601 | D94: ＧＳＫ | E94: レルベア２００エリプタ３０吸入用 | F94: 無し | G94: 外用 | N94: 除外 | O94: 5220.8 | P94: 5221 | Q94: キット | R94: 4 | S94: 20884 | T94: 0.5 | U94: 2 | V94: 10442 | Y94: 2 | Z94: 10442
A95: 71 | B95: 調剤 | C95: 615101434 | D95: ツムラ | E95: ツムラ柴朴湯エキス顆粒（医療用） | F95: 無し | G95: 内服 | L95: 漢方 | O95: 34 | P95: 34 | Q95: ｇ | R95: 607.5 | S95: 20655 | T95: 0.69 | U95: 225 | V95: 7650 | Y95: 787.5 | Z95: 20633
A96: 72 | B96: 調剤 | C96: 622532801 | D96: アステラス製薬 | E96: リンゼス錠０．２５ｍｇ | F96: 無し | G96: 内服 | N96: 除外 | O96: 64.5 | P96: 64.5 | Q96: 錠 | R96: 320 | S96: 20640 | T96: 2.49 | U96: 810 | V96: 52245 | Y96: 800 | Z96: 51600
A97: 73 | B97: 調剤 | C97: 622696001 | D97: 杏林製薬 | E97: ラスビック錠７５ｍｇ | F97: 無し | G97: 内服 | N97: 除外 | O97: 277.9 | P97: 277.9 | Q97: 錠 | R97: 74 | S97: 20565 | T97: 0.32 | U97: 19 | V97: 5280 | Y97: 50 | Z97: 13895
A98: 74 | B98: 調剤 | C98: 622381201 | D98: あゆみ製薬 | E98: カロナール錠５００ ５００ｍｇ | F98: 劇薬 | G98: 内服 | H98: GE | O98: 11.3 | P98: 11.3 | Q98: 錠 | R98: 1763 | S98: 19922 | T98: 1.7 | U98: 2933 | V98: 33146 | Y98: 3002 | Z98: 33914
A99: 75 | B99: 調剤 | C99: 620003503 | D99: 興和 | E99: アデホスコーワ顆粒１０％ | F99: 無し | G99: 内服 | O99: 15.5 | P99: 15.5 | Q99: ｇ | R99: 1258 | S99: 19499 | T99: 1.04 | U99: 816 | V99: 12648 | W99: 51 | X99: 791 | Y99: 1818 | Z99: 28080
A100: 76 | B100: 調剤 | C100: 622449501 | D100: ヴィアトリス | E100: イフェクサーＳＲカプセル３７．５ｍｇ | F100: 劇薬 | G100: 内服 | I100: ハイ | N100: 除外 | O100: 101.9 | P100: 101.9 | Q100: カプセル | R100: 191 | S100: 19463 | T100: 5.5 | U100: 1167 | V100: 118920 | Y100: 1125 | Z100: 114438
A101: 77 | B101: 調剤 | C101: 622945401 | D101: 興和 | E101: パルモディアＸＲ錠０．２ｍｇ | F101: 無し | G101: 内服 | N101: 除外 | O101: 60 | P101: 60 | Q101: 錠 | R101: 324 | S101: 19440 | T101: 2.88 | U101: 822 | V101: 49320 | Y101: 900 | Z101: 54000
A102: 78 | B102: 調剤 | C102: 622954701 | D102: ユーシービーＪ | E102: ブリィビアクト錠２５ｍｇ | F102: 無し | G102: 内服 | I102: ハイ | N102: 除外 | O102: 373.3 | P102: 373.3 | Q102: 錠 | R102: 52 | S102: 19412 | T102: 0.42 | U102: 28 | V102: 10452
A103: 79 | B103: 調剤 | C103: 622669801 | D103: 第一三共 | E103: タリージェ錠５ｍｇ | F103: 無し | G103: 内服 | N103: 除外 | O103: 92.5 | P103: 92.5 | Q103: 錠 | R103: 208 | S103: 19240 | T103: 1.57 | U103: 422 | V103: 39035 | Y103: 300 | Z103: 27750
A104: 80 | B104: 調剤 | C104: 622117901 | D104: 日本薬工 | E104: ドネペジル塩酸塩ＯＤ錠５ｍｇ「ケミファ」 | F104: 劇薬 | G104: 内服 | H104: GE | O104: 43.4 | P104: 35.59 | Q104: 錠 | R104: 539 | S104: 19183 | T104: 5.67 | U104: 2443 | V104: 106024 | Y104: 2660 | Z104: 94658
...

Sheet あやめ
A1: ブロック | B1: 選択なし
A2: 店舗 | B2: あやめ薬局
A3: 薬品名 | C3: 部分一致
A4: メーカー名 | C4: 部分一致
A5: 非表示設定 | B5: 非表示以外
A6: 薬品区分 | B6: - すべて -
A7: 剤型 | B7: - すべて -
A8: 経過措置日 | B8: - すべて -
A9: 管理区分 | B9: - すべて -
A10: 集計期間 | B10: 2025年09月01日 ～ 2025年12月07日
A11: 在庫数量 | B11: すべて
A12: 算定時除外対象薬 | B12: すべて
A13: 後発品(GE) | B13: すべて
A14: ハイリスク薬 | B14: すべて
A15: 新薬創出・適応外薬解消等促進加算 | B15: すべて
A16: 管理薬剤 | B16: すべて
... A21: 不動在庫商品のみ | B21: すべて
A22: 出力日 | B22: 45999
A23: 後発品構成比 | B23: 0.9595 | C23: 後発品処方換算数量 | D23: 355525.3 | E23: 処方換算数量合計 | F23: 370530.1 | G23: 後発品構成比（臨時） | H23: 0.978 | I23: 後発品処方換算数量（臨時） | J23: 299419.8 | K23: 処方換算数量合計（臨時） | L23: 306124.6
A24: No. | B24: 管理区分 | C24: レセ電コード | D24: メーカー | E24: 薬品名 | F24: 薬品区分 | G24: 剤型 | H24: GE | I24: ハイ | J24: 新創 | K24: 局方 | L24: 漢方 | M24: ｵｰﾌｧﾝ | N24: 除外 | O24: 薬価 | P24: 原価 | Q24: 単位 | R24: 在庫数量 | S24: 在庫金額 | T24: 回転数 | U24: 処方数量 | V24: 処方金額 | W24: 他出庫数量 | X24: 他出庫金額 | Y24: 入庫数量 | Z24: 入庫金額 | AA24: 経過措置日
A25: 1 | B25: 調剤 | C25: 622622601 | D25: 塩野義 | E25: ゾフルーザ錠２０ｍｇ | F25: 無し | G25: 内服 | J25: 新創 | N25: 除外 | O25: 2438.8 | P25: 2438.8 | Q25: 錠 | R25: 139 | S25: 338993 | T25: 4.16 | U25: 389 | V25: 948696 | Y25: 480 | Z25: 1170624
A26: 2 | B26: 調剤 | C26: 622404401 | D26: 武田薬品 | E26: タケキャブ錠１０ｍｇ | F26: 無し | G26: 内服 | N26: 除外 | O26: 94.3 | P26: 94.3 | Q26: 錠 | R26: 1790 | S26: 168797 | T26: 6.55 | U26: 8811 | V26: 830873 | Y26: 9700 | Z26: 914710
A27: 3 | B27: 調剤 | C27: 622576101 | D27: 第一三共 | E27: リクシアナＯＤ錠３０ｍｇ | F27: 無し | G27: 内服 | I27: ハイ | J27: 新創 | N27: 除外 | O27: 411.3 | P27: 411.3 | Q27: 錠 | R27: 287 | S27: 118043 | T27: 3.45 | U27: 777 | V27: 319579 | Y27: 900 | Z27: 370170
A28: 4 | B28: 調剤 | C28: 628785801 | D28: 塩野義 | E28: ゾコーバ錠１２５ｍｇ | F28: 劇薬 | G28: 内服 | N28: 除外 | O28: 7090 | P28: 7090 | Q28: 錠 | R28: 14 | S28: 99260 | T28: 8.5 | U28: 238 | V28: 1687420 | Y28: 210 | Z28: 1488900
A29: 5 | B29: 調剤 | C29: 622225001 | E29: エリキュース錠５ｍｇ | F29: 無し | G29: 内服 | I29: ハイ | N29: 除外 | O29: 207 | P29: 207 | Q29: 錠 | R29: 322 | S29: 66654 | T29: 1.79 | U29: 376 | V29: 77832 | Y29: 600 | Z29: 124200
A30: 6 | B30: 調剤 | C30: 622696101 | D30: エーザイ | E30: エクフィナ錠５０ｍｇ | F30: 劇薬 | G30: 内服 | N30: 除外 | O30: 867.9 | P30: 867.9 | Q30: 錠 | R30: 74 | S30: 64225 | T30: 1.7 | U30: 126 | V30: 109356 | Y30: 200 | Z30: 173580
A31: 7 | B31: 調剤 | C31: 622306701 | D31: アステラス製薬 | E31: スーグラ錠５０ｍｇ | F31: 無し | G31: 内服 | I31: ハイ | J31: 新創 | N31: 除外 | O31: 149.7 | P31: 149.7 | Q31: 錠 | R31: 398 | S31: 59581 | T31: 4.05 | U31: 1590 | V31: 238023 | Y31: 1600 | Z31: 239520
A32: 8 | B32: 調剤 | C32: 622336801 | D32: 興和 | E32: デベルザ錠２０ｍｇ | F32: 無し | G32: 内服 | I32: ハイ | J32: 新創 | N32: 除外 | O32: 144.2 | P32: 144.2 | Q32: 錠 | R32: 407 | S32: 58689 | T32: 2.92 | U32: 908 | V32: 130934 | Y32: 1100 | Z32: 158620
A33: 9 | B33: 調剤 | C33: 622623101 | D33: アステラス製薬 | E33: イクスタンジ錠８０ｍｇ | F33: 劇薬 | G33: 内服 | I33: ハイ | N33: 除外 | O33: 4101.8 | P33: 4101.79 | Q33: 錠 | R33: 14 | S33: 57425 | T33: 16 | U33: 224 | V33: 918804 | Y33: 224 | Z33: 918800
A34: 10 | B34: 調剤 | C34: 622821101 | D34: ノバルティスＰ | E34: エンレスト錠２００ｍｇ | F34: 無し | G34: 内服 | N34: 除外 | O34: 188.2 | P34: 188.2 | Q34: 錠 | R34: 290 | S34: 54578 | T34: 2.41 | U34: 706 | V34: 132869 | Y34: 700 | Z34: 131740
A35: 11 | B35: 調剤 | C35: 622653001 | E35: ベオーバ錠５０ｍｇ | F35: 無し | G35: 内服 | N35: 除外 | O35: 146.1 | P35: 146.1 | Q35: 錠 | R35: 363 | S35: 53034 | T35: 2.75 | U35: 1003 | V35: 146539 | Y35: 1000 | Z35: 146100
A36: 12 | B36: 調剤 | C36: 622655001 | D36: 日本ベーリンガー | E36: トラディアンス配合錠ＡＰ | F36: 無し | G36: 内服 | I36: ハイ | N36: 除外 | O36: 235.8 | P36: 235.8 | Q36: 錠 | R36: 218 | S36: 51404 | T36: 2.78 | U36: 583 | V36: 137471 | Y36: 600 | Z36: 141480
A37: 13 | B37: 調剤 | C37: 622699001 | D37: 旭化成ファーマ | E37: テリボン皮下注２８．２μｇオートインジェクター | F37: 無し | G37: 注射 | N37: 除外 | O37: 5995 | P37: 5995 | Q37: キット | R37: 8 | S37: 47960 | T37: 5 | U37: 40 | V37: 239800 | Y37: 48 | Z37: 287760
A38: 14 | B38: 調剤 | C38: 622342001 | D38: 小野薬品 | E38: フォシーガ錠１０ｍｇ | F38: 無し | G38: 内服 | I38: ハイ | J38: 新創 | N38: 除外 | O38: 220.3 | P38: 220.3 | Q38: 錠 | R38: 216 | S38: 47585 | T38: 8.09 | U38: 1817 | V38: 400287 | Y38: 1800 | Z38: 396540
A39: 15 | B39: 調剤 | C39: 622576201 | D39: 第一三共 | E39: リクシアナＯＤ錠６０ｍｇ | F39: 無し | G39: 内服 | I39: ハイ | J39: 新創 | N39: 除外 | O39: 416.8 | P39: 416.8 | Q39: 錠 | R39: 113 | S39: 47098 | T39: 0.98 | U39: 120 | V39: 50016 | Y39: 100 | Z39: 41680
A40: 16 | B40: 調剤 | C40: 622930601 | D40: 久光製薬 | E40: アポハイドローション２０％ | F40: 無し | G40: 外用 | N40: 除外 | O40: 543.7 | P40: 543.7 | Q40: ｇ | R40: 86.4 | S40: 46976 | T40: 0.79 | U40: 56.16 | V40: 30535 | Y40: 86.4 | Z40: 46976
A41: 17 | B41: 調剤 | C41: 622336601 | D41: 第一三共 | E41: エフィエント錠３．７５ｍｇ | F41: 無し | G41: 内服 | I41: ハイ | N41: 除外 | O41: 248.8 | P41: 248.8 | Q41: 錠 | R41: 188 | S41: 46774 | T41: 3.09 | U41: 351 | V41: 87328 | Y41: 500 | Z41: 124400
A42: 18 | B42: 調剤 | C42: 622471601 | D42: 佐藤製薬 | E42: ルコナック爪外用液５％ | F42: 無し | G42: 外用 | N42: 除外 | O42: 663.6 | P42: 663.6 | Q42: ｇ | R42: 70 | S42: 46452 | T42: 0.82 | U42: 49 | V42: 32515 | Y42: 70 | Z42: 46452
A43: 19 | B43: 調剤 | C43: 621729704 | D43: 武田薬品 | E43: ｄ－クロルフェニラミンマレイン酸塩錠２ｍｇ「ＮＩＧ」 | F43: 無し | G43: 内服 | H43: GE | O43: 5.9 | P43: 5.9 | Q43: 錠 | R43: 7812 | S43: 46091 | T43: 1.47 | U43: 7328 | V43: 43234 | Y43: 13000 | Z43: 76700
A44: 20 | B44: 調剤 | C44: 622401201 | D44: 日本ベーリンガー | E44: ジャディアンス錠１０ｍｇ | F44: 無し | G44: 内服 | I44: ハイ | J44: 新創 | N44: 除外 | O44: 166 | P44: 166 | Q44: 錠 | R44: 258 | S44: 42828 | T44: 2.34 | U44: 571 | V44: 94786 | Y44: 600 | Z44: 99600
A45: 21 | B45: 調剤 | C45: 622404501 | D45: 武田薬品 | E45: タケキャブ錠２０ｍｇ | F45: 無し | G45: 内服 | N45: 除外 | O45: 141 | P45: 141 | Q45: 錠 | R45: 289 | S45: 40749 | T45: 1.39 | U45: 407 | V45: 57387 | Y45: 400 | Z45: 56400
A46: 22 | B46: 調剤 | C46: 622941401 | D46: 武田薬品 | E46: アジルサルタン錠４０ｍｇ「武田テバ」 | F46: 無し | G46: 内服 | H46: GE | O46: 45 | P46: 45 | Q46: 錠 | R46: 877 | S46: 39465 | T46: 4.99 | U46: 3750 | V46: 168750 | Y46: 4000 | Z46: 180000
A47: 23 | B47: 調剤 | C47: 622278201 | D47: 杏林製薬 | E47: フルティフォーム１２５エアゾール１２０吸入用 | F47: 無し | G47: 外用 | N47: 除外 | O47: 4340.4 | P47: 4340 | Q47: 瓶 | R47: 9 | S47: 39060 | T47: 6.2 | U47: 62 | V47: 269104 | Y47: 60 | Z47: 260400
A48: 24 | B48: 調剤 | C48: 622201701 | E48: スイニー錠１００ｍｇ | F48: 無し | G48: 内服 | I48: ハイ | N48: 除外 | O48: 33 | P48: 33 | Q48: 錠 | R48: 1128 | S48: 37224 | T48: 7.58 | U48: 7530 | V48: 248490 | Y48: 7800 | Z48: 257400
A49: 25 | B49: 調剤 | C49: 622965501 | D49: 参天製薬 | E49: アレジオン眼瞼クリーム０．５％ | F49: 無し | G49: 外用 | N49: 除外 | O49: 1686.7 | P49: 1686.7 | Q49: ｇ | R49: 22 | S49: 37107 | T49: 0.24 | U49: 6 | V49: 10120
A50: 26 | B50: 調剤 | C50: 622952001 | D50: 共和薬品 | E50: レボカルニチンＦＦ錠２５０ｍｇ「アメル」 | F50: 無し | G50: 内服 | H50: GE | O50: 75.9 | P50: 75.9 | Q50: 錠 | R50: 480 | S50: 36432 | T50: 2.14 | U50: 600 | V50: 45540 | Y50: 1000 | Z50: 75900
A51: 27 | B51: 調剤 | C51: 622374201 | E51: ベルソムラ錠１５ｍｇ | F51: 無し | G51: 内服 | J51: 新創 | N51: 除外 | O51: 90.8 | P51: 90.8 | Q51: 錠 | R51: 392 | S51: 35594 | T51: 4.84 | U51: 1560 | V51: 141648 | Y51: 1700 | Z51: 154360
A52: 28 | B52: 調剤 | C52: 620729101 | E52: フェロ・グラデュメット錠１０５ｍｇ | F52: 無し | G52: 内服 | O52: 6.1 | P52: 6.1 | Q52: 錠 | R52: 5744 | S52: 35038 | T52: 0.83 | U52: 4281 | V52: 26114 | Y52: 5400 | Z52: 32940
A53: 29 | B53: 調剤 | C53: 615101469 | D53: ツムラ | E53: ツムラ大建中湯エキス顆粒（医療用） | F53: 無し | G53: 内服 | L53: 漢方 | O53: 13.7 | P53: 13.7 | Q53: ｇ | R53: 2502.5 | S53: 34284 | T53: 1.5 | U53: 3705 | V53: 50760 | Y53: 3780 | Z53: 51784
A54: 30 | B54: 調剤 | C54: 622669701 | D54: 第一三共 | E54: タリージェ錠２．５ｍｇ | F54: 無し | G54: 内服 | N54: 除外 | O54: 67.2 | P54: 67.2 | Q54: 錠 | R54: 500 | S54: 33600 | T54: 1.06 | U54: 562 | V54: 37764 | Y54: 500 | Z54: 33600
A55: 31 | B55: 調剤 | C55: 622821001 | D55: ノバルティスＰ | E55: エンレスト錠１００ｍｇ | F55: 無し | G55: 内服 | N55: 除外 | O55: 106.9 | P55: 106.9 | Q55: 錠 | R55: 308 | S55: 32925 | T55: 3.48 | U55: 904 | V55: 96637 | Y55: 1000 | Z55: 106900
A56: 32 | B56: 調剤 | C56: 620007022 | D56: 日本臓器 | E56: ノイロトロピン錠４単位 | F56: 無し | G56: 内服 | N56: 除外 | O56: 28.5 | P56: 28.5 | Q56: 錠 | R56: 1130 | S56: 32205 | T56: 1.85 | U56: 1920 | V56: 54720 | Y56: 2100 | Z56: 59850
A57: 33 | B57: 調剤 | C57: 622573501 | D57: マルホ | E57: アメナリーフ錠２００ｍｇ | F57: 無し | G57: 内服 | N57: 除外 | O57: 1148.7 | P57: 1148.71 | Q57: 錠 | R57: 28 | S57: 32164 | T57: 1.43 | U57: 40 | V57: 45948 | Y57: 40 | Z57: 45948
A58: 34 | B58: 調剤 | C58: 622941301 | D58: 武田薬品 | E58: アジルサルタン錠２０ｍｇ「武田テバ」 | F58: 無し | G58: 内服 | H58: GE | O58: 30.2 | P58: 30.2 | Q58: 錠 | R58: 1059 | S58: 31982 | T58: 6.81 | U58: 5495 | V58: 165950 | Y58: 6000 | Z58: 181200
A59: 35 | B59: 調剤 | C59: 621261102 | E59: ポリスチレンスルホン酸Ｃａ経口ゼリー２０％分包２５ｇ「三和」 | F59: 無し | G59: 内服 | H59: GE | O59: 77.8 | P59: 77.8 | Q59: 個 | R59: 405 | S59: 31509 | T59: 1.14 | U59: 360 | V59: 28008 | Y59: 540 | Z59: 42012
A60: 36 | B60: 調剤 | C60: 621986201 | D60: 武田薬品 | E60: ネシーナ錠２５ｍｇ | F60: 無し | G60: 内服 | I60: ハイ | J60: 新創 | N60: 除外 | O60: 156.7 | P60: 156.7 | Q60: 錠 | R60: 199 | S60: 31183 | T60: 0.86 | U60: 150 | V60: 23505 | Y60: 200 | Z60: 31340
A61: 37 | B61: 調剤 | C61: 622093301 | D61: アステラス製薬 | E61: ベタニス錠５０ｍｇ | F61: 劇薬 | G61: 内服 | N61: 除外 | O61: 141.7 | P61: 141.7 | Q61: 錠 | R61: 218 | S61: 30891 | T61: 5.58 | U61: 1035 | V61: 146660 | Y61: 1100 | Z61: 155870
A62: 38 | B62: 調剤 | C62: 620009309 | D62: ヴィアトリス | E62: 球形吸着炭細粒「マイラン」 | F62: 無し | G62: 内服 | H62: GE | O62: 37.2 | P62: 37.2 | Q62: ｇ | R62: 804 | S62: 29909 | T62: 2.73 | U62: 2160 | V62: 80352 | Y62: 2184 | Z62: 81250
A63: 39 | B63: 調剤 | C63: 622564801 | E63: グーフィス錠５ｍｇ | F63: 無し | G63: 内服 | N63: 除外 | O63: 80.2 | P63: 80.2 | Q63: 錠 | R63: 363 | S63: 29113 | T63: 1.51 | U63: 389 | V63: 31198 | Y63: 600 | Z63: 48120
A64: 40 | B64: 調剤 | C64: 622835201 | D64: 科研製薬 | E64: エクロックゲル５％ | F64: 無し | G64: 外用 | N64: 除外 | O64: 241.3 | P64: 241.3 | Q64: ｇ | R64: 120 | S64: 28956 | T64: 4 | U64: 440 | V64: 106172 | Y64: 460 | Z64: 110998
A65: 41 | B65: 調剤 | C65: 622198601 | D65: 大塚製薬 | E65: エルカルチンＦＦ内用液１０％ | F65: 無し | G65: 内服 | N65: 除外 | O65: 42.2 | P65: 42.2 | Q65: ｍＬ | R65: 680 | S65: 28696 | T65: 1.54 | U65: 540 | V65: 22788 | Y65: 1200 | Z65: 50640
A66: 42 | B66: 調剤 | C66: 622573601 | D66: 第一三共 | E66: カナリア配合錠 | F66: 無し | G66: 内服 | I66: ハイ | N66: 除外 | O66: 208.5 | P66: 208.5 | Q66: 錠 | R66: 137 | S66: 28565 | T66: 3.77 | U66: 482 | V66: 100497 | Y66: 500 | Z66: 104250
A67: 43 | B67: 調剤 | C67: 622306601 | D67: アステラス製薬 | E67: スーグラ錠２５ｍｇ | F67: 無し | G67: 内服 | I67: ハイ | J67: 新創 | N67: 除外 | O67: 100.1 | P67: 100.1 | Q67: 錠 | R67: 280 | S67: 28028 | T67: 0.67 | U67: 180 | V67: 18018 | Y67: 200 | Z67: 20020
A68: 44 | B68: 調剤 | C68: 622976001 | D68: 日医工 | E68: リバーロキサバンＯＤ錠１０ｍｇ「日医工」 | F68: 無し | G68: 内服 | H68: GE | I68: ハイ | O68: 161.3 | P68: 129 | Q68: 錠 | R68: 217 | S68: 27993 | T68: 2.26 | U68: 570 | V68: 91941 | Y68: 500 | Z68: 64500
A69: 45 | B69: 調剤 | C69: 622484401 | D69: 杏林製薬 | E69: モンテルカスト錠１０ｍｇ「ＫＭ」 | F69: 無し | G69: 内服 | H69: GE | K69: 局方 | N69: 臨時 | O69: 36.6 | P69: 36.6 | Q69: 錠 | R69: 761 | S69: 27853 | T69: 5.92 | U69: 4950 | V69: 181165 | Y69: 4800 | Z69: 175680
A70: 46 | B70: 調剤 | C70: 622335801 | D70: 大正製薬 | E70: ルセフィ錠５ｍｇ | F70: 無し | G70: 内服 | I70: ハイ | J70: 新創 | N70: 除外 | O70: 194 | P70: 194 | Q70: 錠 | R70: 143 | S70: 27742 | T70: 0.82 | U70: 60 | V70: 11640 | Y70: 200 | Z70: 38800
A71: 47 | B71: 調剤 | C71: 622622501 | D71: 塩野義 | E71: ゾフルーザ錠１０ｍｇ | F71: 無し | G71: 内服 | J71: 新創 | N71: 除外 | O71: 1535.4 | P71: 1535.4 | Q71: 錠 | R71: 18 | S71: 27637 | T71: 0.32 | U71: 5 | V71: 7676 | Y71: 10 | Z71: 15354
A72: 48 | B72: 調剤 | C72: 620009048 | D72: マルホ | E72: ヒルドイドソフト軟膏０．３％ | F72: 無し | G72: 外用 | O72: 18.2 | P72: 18.2 | Q72: ｇ | R72: 1495 | S72: 27209 | T72: 1.65 | U72: 2350 | V72: 42770 | Y72: 2500 | Z72: 45500
A73: 49 | B73: 調剤 | C73: 620007846 | D73: 東和薬品 | E73: アムロジピン錠２．５ｍｇ「トーワ」 | F73: 劇薬 | G73: 内服 | H73: GE | K73: 局方 | O73: 10.4 | P73: 10.4 | Q73: 錠 | R73: 2599 | S73: 27030 | T73: 2.64 | U73: 7449 | V73: 77471 | Y73: 7000 | Z73: 72800
A74: 50 | B74: 調剤 | C74: 622850001 | D74: 大塚製薬 | E74: モイゼルト軟膏１％ | F74: 無し | G74: 外用 | N74: 除外 | O74: 146.3 | P74: 146.3 | Q74: ｇ | R74: 180 | S74: 26334 | T74: 2.26 | U74: 350 | V74: 51205 | Y74: 400 | Z74: 58520
A75: 51 | B75: 調剤 | C75: 622012101 | D75: 第一三共 | E75: イナビル吸入粉末剤２０ｍｇ | F75: 無し | G75: 外用 | J75: 新創 | N75: 除外 | O75: 2098.1 | P75: 1739.5 | Q75: キット | R75: 15 | S75: 26093 | T75: 0.38 | U75: 7 | V75: 14686
A76: 52 | B76: 調剤 | C76: 622941201 | D76: 武田薬品 | E76: アジルサルタン錠１０ｍｇ「武田テバ」 | F76: 無し | G76: 内服 | H76: GE | O76: 20 | P76: 20 | Q76: 錠 | R76: 1304.5 | S76: 26090 | T76: 5.11 | U76: 4749 | V76: 94980 | Y76: 5500 | Z76: 110000
A77: 53 | B77: 調剤 | C77: 622251901 | E77: フェキソフェナジン塩酸塩錠６０ｍｇ「ケミファ」 | F77: 無し | G77: 内服 | H77: GE | K77: 局方 | O77: 23.1 | P77: 23.1 | Q77: 錠 | R77: 1104 | S77: 25502 | T77: 1.85 | U77: 1376 | V77: 31785 | Y77: 2100 | Z77: 48510
A78: 54 | B78: 調剤 | C78: 620374001 | D78: 鶴原製薬 | E78: デキストロメトルファン臭化水素酸塩錠１５ｍｇ「ツルハラ」 | F78: 無し | G78: 内服 | H78: GE | N78: 臨時 | O78: 8.6 | P78: 7.74 | Q78: 錠 | R78: 3242 | S78: 25093 | T78: 3.33 | U78: 11036 | V78: 94911 | W78: 100 | X78: 774 | Y78: 11000 | Z78: 85140
A79: 55 | B79: 調剤 | C79: 622392201 | D79: ニプロ | E79: ヘパリン類似物質外用スプレー０．３％「ニプロ」 | F79: 無し | G79: 外用 | H79: GE | O79: 10.9 | P79: 10.9 | Q79: ｇ | R79: 2300 | S79: 25070 | T79: 1.71 | U79: 3600 | V79: 39240 | Y79: 4000 | Z79: 43600
A80: 56 | B80: 調剤 | C80: 622833301 | D80: 大塚製薬 | E80: レキサルティＯＤ錠１ｍｇ | F80: 劇薬 | G80: 内服 | I80: ハイ | N80: 除外 | O80: 241.8 | P80: 241.8 | Q80: 錠 | R80: 103 | S80: 24905 | T80: 4.81 | U80: 332 | V80: 80277 | Y80: 400 | Z80: 96720
A81: 57 | B81: 調剤 | C81: 622819201 | D81: 協和キリン | E81: ダーブロック錠２ｍｇ | F81: 劇薬 | G81: 内服 | N81: 除外 | O81: 157.4 | P81: 157.4 | Q81: 錠 | R81: 158 | S81: 24869 | T81: 0.27 | U81: 42 | V81: 6611 | Y81: 200 | Z81: 31480
A82: 58 | B82: 調剤 | C82: 620340201 | D82: 東和薬品 | E82: ベザフィブラート徐放錠２００ｍｇ「トーワ」 | F82: 無し | G82: 内服 | H82: GE | K82: 局方 | O82: 10.4 | P82: 10.4 | Q82: 錠 | R82: 2364 | S82: 24586 | T82: 3.86 | U82: 8874 | V82: 92290 | Y82: 9000 | Z82: 93600
A83: 59 | B83: 調剤 | C83: 622371701 | D83: 東和薬品 | E83: オロパタジン塩酸塩顆粒０．５％「トーワ」 | F83: 無し | G83: 内服 | H83: GE | N83: 臨時 | O83: 20.7 | P83: 18.88 | Q83: ｇ | R83: 1263 | S83: 23845 | T83: 0.46 | U83: 513 | V83: 10621 | Y83: 800 | Z83: 15104
A84: 60 | B84: 調剤 | C84: 622224901 | E84: エリキュース錠２．５ｍｇ | F84: 無し | G84: 内服 | I84: ハイ | N84: 除外 | O84: 114.7 | P84: 114.7 | Q84: 錠 | R84: 204 | S84: 23399 | T84: 1.96 | U84: 354 | V84: 40604 | Y84: 400 | Z84: 45880
A85: 61 | B85: 調剤 | C85: 610463120 | D85: 第一三共 | E85: トランサミン錠２５０ｍｇ | F85: 無し | G85: 内服 | K85: 局方 | O85: 10.4 | P85: 10.4 | Q85: 錠 | R85: 2248 | S85: 23379 | T85: 4.18 | U85: 9021 | V85: 93815 | Y85: 9200 | Z85: 95680
A86: 62 | B86: 調剤 | C86: 615101492 | D86: ツムラ | E86: ツムラ麦門冬湯エキス顆粒（医療用） | F86: 無し | G86: 内服 | L86: 漢方 | O86: 16.5 | P86: 13.8 | Q86: ｇ | R86: 1629 | S86: 22480 | T86: 0.05 | U86: 90 | V86: 1486
A87: 63 | B87: 調剤 | C87: 622086001 | D87: 武田薬品 | E87: リオベル配合錠ＬＤ | F87: 無し | G87: 内服 | I87: ハイ | N87: 除外 | O87: 132.1 | P87: 132.1 | Q87: 錠 | R87: 168 | S87: 22193 | T87: 2.43 | U87: 360 | V87: 47556 | Y87: 400 | Z87: 52840
A88: 64 | B88: 調剤 | C88: 622271602 | E88: ヘパリン類似物質油性クリーム０．３％「日医工」 | F88: 無し | G88: 外用 | H88: GE | N88: 臨時 | O88: 3.7 | P88: 3.14 | Q88: ｇ | R88: 7031 | S88: 22077 | T88: 2.23 | U88: 15200 | V88: 56247 | Y88: 15650 | Z88: 48470
A89: 65 | B89: 調剤 | C89: 620530801 | D89: 沢井製薬 | E89: エンペラシン配合錠 | F89: 無し | G89: 内服 | H89: GE | I89: ハイ | O89: 6.1 | P89: 6.1 | Q89: 錠 | R89: 3614 | S89: 22045 | T89: 0.61 | U89: 1844 | V89: 11250 | Y89: 3000 | Z89: 18300
A90: 66 | B90: 調剤 | C90: 622341901 | D90: 小野薬品 | E90: フォシーガ錠５ｍｇ | F90: 無し | G90: 内服 | I90: ハイ | J90: 新創 | N90: 除外 | O90: 149.3 | P90: 149.3 | Q90: 錠 | R90: 147 | S90: 21947 | T90: 2.06 | U90: 206 | V90: 30756 | Y90: 300 | Z90: 44790
A91: 67 | B91: 調剤 | C91: 622134801 | E91: ミニリンメルトＯＤ錠１２０μｇ | F91: 劇薬 | G91: 内服 | N91: 除外 | O91: 114.5 | P91: 114.5 | Q91: 錠 | R91: 186 | S91: 21297 | T91: 1.56 | U91: 252 | V91: 28854 | Y91: 300 | Z91: 34350
A92: 68 | B92: 調剤 | C92: 622885501 | D92: 杏林製薬 | E92: リフヌア錠４５ｍｇ | F92: 無し | G92: 内服 | N92: 除外 | O92: 187.4 | P92: 166.97 | Q92: 錠 | R92: 126 | S92: 21038
A93: 69 | B93: 調剤 | C93: 615101409 | D93: ツムラ | E93: ツムラ加味逍遙散エキス顆粒（医療用） | F93: 無し | G93: 内服 | L93: 漢方 | O93: 15.9 | P93: 15.9 | Q93: ｇ | R93: 1317.5 | S93: 20948 | T93: 0.19 | U93: 225 | V93: 3578 | Y93: 472.5 | Z93: 7513
A94: 70 | B94: 調剤 | C94: 620009049 | D94: マルホ | E94: ヒルドイドローション０．３％ | F94: 無し | G94: 外用 | O94: 18.2 | P94: 18.2 | Q94: ｇ | R94: 1150 | S94: 20930 | T94: 1.35 | U94: 1650 | V94: 30030 | Y94: 1500 | Z94: 27300
A95: 71 | B95: 調剤 | C95: 622484501 | D95: マルホ | E95: マーデュオックス軟膏 | F95: 劇薬 | G95: 外用 | N95: 除外 | O95: 139.4 | P95: 139.4 | Q95: ｇ | R95: 150 | S95: 20910 | T95: 1.27 | U95: 190 | V95: 26486 | Y95: 190 | Z95: 26486
A96: 72 | B96: 調剤 | C96: 622559402 | D96: ＭｅｉｊｉＳｅｉｋａ | E96: セフジトレン ピボキシル錠１００ｍｇ「ＯＫ」 | F96: 無し | G96: 内服 | K96: 局方 | O96: 56.6 | P96: 56.6 | Q96: 錠 | R96: 368 | S96: 20829 | T96: 1.14 | U96: 449 | V96: 25415 | Y96: 400 | Z96: 22640
A97: 73 | B97: 調剤 | C97: 622188101 | D97: 杏林製薬 | E97: オロパタジン塩酸塩錠５ｍｇ「杏林」 | F97: 無し | G97: 内服 | H97: GE | K97: 局方 | O97: 10.4 | P97: 10.4 | Q97: 錠 | R97: 2002 | S97: 20821 | T97: 7.03 | U97: 10477 | V97: 108961 | Y97: 11500 | Z97: 119600
A98: 74 | B98: 調剤 | C98: 622360601 | D98: 田辺ファーマ | E98: カナグル錠１００ｍｇ | F98: 無し | G98: 内服 | I98: ハイ | N98: 除外 | O98: 139.3 | P98: 139.3 | Q98: 錠 | R98: 149 | S98: 20756 | T98: 0.96 | U98: 90 | V98: 12537 | Y98: 200 | Z98: 27860
A99: 75 | B99: 調剤 | C99: 622704001 | D99: 第一三共 | E99: エゼチミブ錠１０ｍｇ「ＤＳＥＰ」 | F99: 無し | G99: 内服 | H99: GE | O99: 30.7 | P99: 30.7 | Q99: 錠 | R99: 675 | S99: 20723 | T99: 3.07 | U99: 2154 | V99: 66129 | Y99: 2100 | Z99: 64470
A100: 76 | B100: 調剤 | C100: 622669801 | D100: 第一三共 | E100: タリージェ錠５ｍｇ | F100: 無し | G100: 内服 | N100: 除外 | O100: 92.5 | P100: 92.5 | Q100: 錠 | R100: 224 | S100: 20720 | T100: 1.31 | U100: 280 | V100: 25900 | Y100: 300 | Z100: 27750
A101: 77 | B101: 調剤 | C101: 615101484 | D101: ツムラ | E101: ツムラ当帰芍薬散エキス顆粒（医療用） | F101: 無し | G101: 内服 | L101: 漢方 | O101: 14.9 | P101: 14.9 | Q101: ｇ | R101: 1387.5 | S101: 20674 | T101: 0.91 | U101: 1125 | V101: 16763 | Y101: 1417.5 | Z101: 21120
A102: 78 | B102: 調剤 | C102: 621816901 | D102: 岩城製薬 | E102: モメタゾンフランカルボン酸エステル軟膏０．１％「イワキ」 | F102: 劇薬 | G102: 外用 | N102: 除外 | O102: 20.1 | P102: 20.1 | Q102: ｇ | R102: 1015 | S102: 20402 | T102: 0.45 | U102: 570 | V102: 11458 | Y102: 50 | Z102: 1005
A103: 79 | B103: 調剤 | C103: 622380201 | D103: 大原薬品 | E103: イマチニブ錠１００ｍｇ「オーハラ」 | F103: 劇薬 | G103: 内服 | H103: GE | I103: ハイ | O103: 167.2 | P103: 167.2 | Q103: 錠 | R103: 120 | S103: 20064 | T103: 3.22 | U103: 476 | V103: 79586 | Y103: 420 | Z103: 70224
A104: 80 | B104: 調剤 | C104: 622281801 | D104: 東和薬品 | E104: バラシクロビル錠５００ｍｇ「トーワ」 | F104: 無し | G104: 内服 | H104: GE | O104: 117.8 | P104: 104.83 | Q104: 錠 | R104: 189 | S104: 19813 | T104: 2.48 | U104: 436 | V104: 51363 | Y104: 462 | Z104: 48433
...
